difficulty_level,num1,num2,problem,alt1,alt2,alt3,answer,prob_format,batch,num_workers,num_correct,mean_RT
2,211,3,63?,2,3,4,alt2,1,1,47,43,3.6102
2,179,9,161?,1,2,3,alt1,1,1,47,38,4.1348
1,231,7,161?,5,6,7,alt3,1,1,47,46,3.5676
2,155,9,139?,4,5,6,alt2,1,1,47,36,4.1698
2,267,7,186?,9,0,1,alt1,1,1,47,38,3.9875
1,154,2,30?,6,7,8,alt3,1,1,47,46,3.7191
3,361,3,10?3,7,8,9,alt2,2,1,47,41,3.9148
2,181,2,3?2,6,7,8,alt1,2,1,47,43,3.8058
2,110,8,8?0,6,7,8,alt3,2,1,47,42,3.7034
4,415,2,8?0,2,3,4,alt2,2,1,47,33,4.1121
5,173,8,13?4,8,9,0,alt1,2,1,47,30,5.0925
2,140,2,2?0,6,7,8,alt3,2,1,47,44,3.6651
4,496,4,19?4,7,8,9,alt2,2,1,47,34,4.6329
3,432,4,17?8,2,3,4,alt1,2,1,47,41,4.2115
1,852,2,17?4,8,9,0,alt3,2,1,47,46,4.0707
2,122,2,2?4,3,4,5,alt2,2,1,47,44,3.6287
2,422,4,16?8,8,9,0,alt1,2,1,47,43,3.8951
6,527,3,15?1,6,7,8,alt3,2,1,47,20,4.2122
7,364,4,1?56,3,4,5,alt2,3,1,47,18,4.8353
3,835,2,1?70,6,7,8,alt1,3,1,47,42,4.4748
6,634,3,1?02,7,8,9,alt3,3,1,47,23,4.7355
7,184,6,1?04,0,1,2,alt2,3,1,47,11,5.3308
4,234,7,1?38,6,7,8,alt1,3,1,47,38,5.244
3,628,2,1?56,0,1,2,alt3,3,1,47,40,4.6083
5,546,3,1?38,5,6,7,alt2,3,1,47,33,4.8888
3,752,2,1?04,5,6,7,alt1,3,1,47,40,4.3854
7,248,8,1?84,7,8,9,alt3,3,1,47,15,4.9139
4,563,2,1?26,0,1,2,alt2,3,1,47,37,4.5341
5,375,5,1?75,8,9,0,alt1,3,1,47,34,5.2488
5,569,2,1?38,9,0,1,alt3,3,1,47,28,5.0144
4,119,23,273?,6,7,8,alt2,4,1,47,33,3.952
3,201,11,221?,1,2,3,alt1,4,1,47,40,4.0111
1,144,11,158?,2,3,4,alt3,4,1,47,45,3.8252
4,227,13,295?,0,1,2,alt2,4,1,47,32,4.101
3,113,11,124?,3,4,5,alt1,4,1,47,41,4.0006
3,267,11,293?,5,6,7,alt3,4,1,47,40,4.1365
6,159,18,28?2,5,6,7,alt2,5,1,47,20,4.887
7,109,25,27?5,2,3,4,alt1,5,1,47,17,5.2917
5,120,23,27?0,4,5,6,alt3,5,1,47,29,4.819
6,221,11,24?1,2,3,4,alt2,5,1,47,21,4.4611
7,131,16,20?6,7,8,9,alt3,5,1,47,17,5.1076
7,145,13,18?5,8,9,0,alt1,5,1,47,19,5.2274
4,130,11,14?0,1,2,3,alt3,5,1,47,36,4.6252
7,105,16,16?0,7,8,9,alt2,5,1,47,22,5.9647
6,123,13,15?9,9,0,1,alt1,5,1,47,22,4.9514
7,129,13,16?7,5,6,7,alt3,5,1,47,9,4.9436
6,167,17,2?39,7,8,9,alt2,6,1,47,21,5.109
7,153,13,1?89,9,0,1,alt1,6,1,47,18,5.1284
7,152,14,2?28,9,0,1,alt3,6,1,47,18,5.05
7,146,13,1?98,7,8,9,alt2,6,1,47,11,4.9119
7,117,18,2?06,1,2,3,alt1,6,1,47,13,4.9549
7,110,21,2?10,1,2,3,alt3,6,1,47,13,4.9543
6,113,16,1?08,7,8,9,alt2,6,1,47,20,4.8155
6,141,15,2?15,1,2,3,alt1,6,1,47,20,4.7889
7,187,12,2?44,0,1,2,alt3,6,1,47,16,5.3039
6,206,11,2?66,1,2,3,alt2,6,1,47,25,4.9132
7,148,12,1?76,7,8,9,alt1,6,1,47,16,5.0036
7,145,17,2?65,2,3,4,alt3,6,1,47,13,5.0213
2,552,3,165?,5,6,7,alt2,1,2,43,38,3.5999
2,219,3,65?,7,8,9,alt1,1,2,43,38,4.1797
1,682,2,136?,2,3,4,alt3,1,2,43,43,3.602
1,222,4,88?,7,8,9,alt2,1,2,43,42,3.5527
1,111,6,66?,6,7,8,alt1,1,2,43,42,3.4805
1,111,7,77?,5,6,7,alt3,1,2,43,43,3.5112
5,237,8,18?6,8,9,0,alt2,2,2,43,27,4.6813
3,161,6,9?6,6,7,8,alt1,2,2,43,38,4.1661
4,235,3,7?5,8,9,0,alt3,2,2,43,32,4.2654
5,285,6,17?0,0,1,2,alt2,2,2,43,26,5.0849
2,326,2,6?2,5,6,7,alt1,2,2,43,40,3.9485
4,316,4,12?4,4,5,6,alt3,2,2,43,33,3.9315
2,662,2,13?4,1,2,3,alt2,2,2,43,39,3.8274
4,368,5,18?0,4,5,6,alt1,2,2,43,35,4.9604
6,259,6,15?4,3,4,5,alt3,2,2,43,24,4.8412
3,131,7,9?7,0,1,2,alt2,2,2,43,36,4.1308
4,868,2,17?6,3,4,5,alt1,2,2,43,32,4.4331
3,694,2,13?8,6,7,8,alt3,2,2,43,38,4.0975
5,134,9,1?06,1,2,3,alt2,3,2,43,30,4.9632
5,246,5,1?30,2,3,4,alt1,3,2,43,29,5.2805
2,604,2,1?08,0,1,2,alt3,3,2,43,38,3.9128
6,538,3,1?14,5,6,7,alt2,3,2,43,19,4.9694
5,656,2,1?12,3,4,5,alt1,3,2,43,27,4.4115
6,285,7,1?95,7,8,9,alt3,3,2,43,20,5.335
5,122,9,1?98,9,0,1,alt2,3,2,43,25,4.4769
6,187,8,1?96,4,5,6,alt1,3,2,43,20,5.1423
7,275,4,1?00,9,0,1,alt3,3,2,43,14,4.8707
7,277,4,1?08,0,1,2,alt2,3,2,43,16,5.1419
4,370,4,1?80,4,5,6,alt1,3,2,43,32,4.9447
5,754,2,1?08,3,4,5,alt3,3,2,43,28,4.2132
3,151,17,256?,6,7,8,alt2,4,2,43,37,3.9203
3,101,25,252?,5,6,7,alt1,4,2,43,37,4.0819
2,148,13,192?,2,3,4,alt3,4,2,43,38,3.9477
4,114,19,216?,5,6,7,alt2,4,2,43,34,4.1833
3,123,15,184?,5,6,7,alt1,4,2,43,35,4.1334
1,101,15,151?,3,4,5,alt3,4,2,43,41,3.6149
7,167,14,23?8,2,3,4,alt2,5,2,43,11,4.9332
6,125,23,28?5,6,7,8,alt2,5,2,43,22,4.9536
7,108,27,29?6,1,2,3,alt1,5,2,43,13,5.2693
7,107,24,25?8,4,5,6,alt3,5,2,43,13,4.5264
7,222,12,26?4,5,6,7,alt2,5,2,43,16,5.2707
7,179,14,25?6,0,1,2,alt1,5,2,43,9,4.7368
5,170,15,25?0,3,4,5,alt3,5,2,43,28,4.9343
6,125,12,15?0,9,0,1,alt2,5,2,43,24,5.0957
7,112,13,14?6,5,6,7,alt1,5,2,43,18,5.1426
4,139,20,27?0,6,7,8,alt3,5,2,43,31,4.547
7,148,16,2?68,2,3,4,alt2,6,2,43,11,4.893
6,125,18,2?50,2,3,4,alt1,6,2,43,18,4.8596
6,126,16,2?16,8,9,0,alt3,6,2,43,19,4.9014
7,104,16,1?64,5,6,7,alt2,6,2,43,16,4.8853
7,161,13,2?93,0,1,2,alt1,6,2,43,10,4.9904
4,133,20,2?60,4,5,6,alt3,6,2,43,32,4.5122
6,177,14,2?78,3,4,5,alt2,6,2,43,21,4.8805
7,224,13,2?12,9,0,1,alt1,6,2,43,17,4.9343
6,107,16,1?12,6,7,8,alt2,6,2,43,19,4.8084
7,152,17,2?84,5,6,7,alt1,6,2,43,13,4.4748
7,169,11,1?59,6,7,8,alt3,6,2,43,8,4.9406
1,573,3,171?,8,9,0,alt2,1,3,47,46,3.6561
2,657,2,131?,4,5,6,alt1,1,3,47,44,3.7157
1,143,3,42?,7,8,9,alt3,1,3,47,46,3.5566
1,101,7,70?,6,7,8,alt2,1,3,47,47,3.3992
2,187,3,56?,1,2,3,alt1,1,3,47,44,3.7942
1,163,5,81?,3,4,5,alt3,1,3,47,45,3.7243
5,276,4,11?4,9,0,1,alt2,2,3,47,31,4.6131
4,145,5,7?5,2,3,4,alt1,2,3,47,38,4.4687
1,104,2,2?8,8,9,0,alt3,2,3,47,45,3.6929
4,316,3,9?8,3,4,5,alt2,2,3,47,37,4.1205
2,203,7,14?1,2,3,4,alt1,2,3,47,45,4.2958
5,229,8,18?2,1,2,3,alt3,2,3,47,30,5.4509
3,236,4,9?4,3,4,5,alt2,2,3,47,40,4.4426
2,257,2,5?4,1,2,3,alt1,2,3,47,44,4.4109
1,812,2,16?4,0,1,2,alt3,2,3,47,45,3.5931
4,416,2,8?2,2,3,4,alt2,2,3,47,35,3.7832
3,499,3,14?7,9,0,1,alt1,2,3,47,40,4.279
4,335,5,16?5,5,6,7,alt3,2,3,47,32,4.0377
3,293,3,8?9,6,7,8,alt2,2,3,47,38,3.9922
4,372,5,18?0,6,7,8,alt1,2,3,47,37,4.4722
3,329,2,6?8,3,4,5,alt3,2,3,47,39,3.7241
4,337,3,10?1,0,1,2,alt2,2,3,47,37,4.3498
1,410,3,1?30,2,3,4,alt1,3,3,47,45,3.8361
2,939,2,1?78,6,7,8,alt3,3,3,47,45,4.5667
4,321,6,1?26,8,9,0,alt2,3,3,47,35,4.4478
6,285,4,1?40,1,2,3,alt1,3,3,47,22,5.4049
6,165,9,1?85,2,3,4,alt3,3,3,47,27,5.2327
2,303,5,1?15,4,5,6,alt2,3,3,47,44,4.256
5,265,4,1?60,0,1,2,alt1,3,3,47,30,5.0134
2,611,2,1?22,0,1,2,alt3,3,3,47,41,3.7623
3,417,4,1?68,5,6,7,alt2,3,3,47,39,4.3326
4,232,6,1?92,3,4,5,alt1,3,3,47,40,4.8907
3,334,4,1?36,1,2,3,alt3,3,3,47,40,4.7176
3,979,2,1?58,8,9,0,alt2,3,3,47,39,4.5103
4,447,4,1?88,7,8,9,alt1,3,3,47,40,4.8869
3,466,3,1?98,1,2,3,alt3,3,3,47,43,4.7163
4,207,9,1?63,7,8,9,alt2,3,3,47,35,4.51
6,187,7,1?09,3,4,5,alt1,3,3,47,22,5.5039
5,390,4,1?60,3,4,5,alt3,3,3,47,33,4.9673
3,319,4,1?76,1,2,3,alt2,3,3,47,42,4.3232
3,896,2,1?92,7,8,9,alt1,3,3,47,39,4.536
6,238,6,1?28,2,3,4,alt3,3,3,47,21,5.2677
4,119,16,190?,4,5,6,alt1,4,3,47,35,4.3898
2,166,14,232?,2,3,4,alt3,4,3,47,42,3.9448
3,241,12,289?,1,2,3,alt2,4,3,47,38,3.9555
3,126,13,163?,8,9,0,alt1,4,3,47,41,3.8876
7,174,14,24?6,2,3,4,alt2,5,3,47,18,5.2258
2,100,28,28?0,8,9,0,alt3,5,3,47,43,4.1753
6,185,11,20?5,2,3,4,alt2,5,3,47,28,5.5324
7,144,19,27?6,3,4,5,alt1,5,3,47,13,5.0088
7,144,15,2?60,9,0,1,alt3,6,3,47,18,5.0657
7,112,18,2?16,9,0,1,alt2,6,3,47,16,5.2135
6,124,19,2?56,3,4,5,alt1,6,3,47,24,5.0713
7,197,11,2?67,9,0,1,alt3,6,3,47,18,5.1735
2,773,3,231?,8,9,0,alt2,1,4,50,48,4.0149
1,687,2,137?,4,5,6,alt1,1,4,50,48,3.8474
1,171,7,119?,5,6,7,alt3,1,4,50,49,3.689
1,641,3,192?,2,3,4,alt2,1,4,50,50,3.6816
1,281,3,84?,3,4,5,alt1,1,4,50,49,3.7102
2,282,9,253?,6,7,8,alt3,1,4,50,48,4.0509
5,319,6,19?4,0,1,2,alt2,2,4,50,32,4.8841
2,562,2,11?4,2,3,4,alt1,2,4,50,45,4.0621
1,123,2,2?6,2,3,4,alt3,2,4,50,50,3.6879
3,447,4,17?8,7,8,9,alt2,2,4,50,41,4.3561
1,732,2,14?4,6,7,8,alt1,2,4,50,48,3.6456
4,248,2,4?6,7,8,9,alt3,2,4,50,38,4.0489
2,304,6,18?4,1,2,3,alt2,2,4,50,47,3.906
3,233,7,16?1,3,4,5,alt1,2,4,50,42,4.5391
1,252,3,7?6,3,4,5,alt3,2,4,50,49,4.1175
3,293,2,5?6,7,8,9,alt2,2,4,50,42,3.8771
3,305,6,18?0,3,4,5,alt1,2,4,50,42,4.2964
5,184,7,12?8,6,7,8,alt3,2,4,50,32,4.4992
3,461,5,23?5,9,0,1,alt2,2,4,50,43,3.8784
3,517,2,10?4,3,4,5,alt1,2,4,50,44,4.3391
4,264,4,10?6,3,4,5,alt3,2,4,50,38,4.4729
1,904,2,18?8,9,0,1,alt2,2,4,50,48,3.6545
3,460,3,1?80,3,4,5,alt1,3,4,50,43,4.6039
5,533,4,2?32,9,0,1,alt3,3,4,50,30,4.6205
5,549,4,2?96,0,1,2,alt2,3,4,50,28,4.7113
2,825,2,1?50,6,7,8,alt1,3,4,50,46,3.9621
5,181,6,1?86,8,9,0,alt3,3,4,50,29,4.8959
5,460,6,2?60,6,7,8,alt2,3,4,50,34,4.9335
3,581,3,1?43,7,8,9,alt1,3,4,50,43,4.5013
6,479,6,2?74,6,7,8,alt3,3,4,50,22,5.0271
5,382,7,2?74,5,6,7,alt2,3,4,50,31,5.1508
4,319,4,1?76,2,3,4,alt1,3,4,50,36,4.6013
7,146,7,1?22,8,9,0,alt3,3,4,50,20,4.8663
6,237,9,2?33,0,1,2,alt2,3,4,50,26,4.9815
6,142,9,1?78,2,3,4,alt1,3,4,50,27,4.9964
6,285,7,1?95,7,8,9,alt3,3,4,50,25,5.0874
4,996,2,1?92,8,9,0,alt2,3,4,50,41,4.5431
4,481,5,2?05,4,5,6,alt1,3,4,50,41,4.5439
2,186,14,260?,2,3,4,alt3,4,4,50,46,3.8849
3,178,16,284?,7,8,9,alt2,4,4,50,42,4.3551
2,263,15,394?,5,6,7,alt1,4,4,50,46,4.0455
2,104,17,176?,6,7,8,alt3,4,4,50,45,3.9303
3,223,17,379?,0,1,2,alt2,4,4,50,43,4.0198
2,183,17,311?,1,2,3,alt1,4,4,50,46,3.8199
5,144,11,15?4,6,7,8,alt3,5,4,50,29,4.8525
5,270,14,37?0,7,8,9,alt2,5,4,50,34,4.6992
7,286,17,48?2,6,7,8,alt1,5,4,50,18,4.8328
7,252,16,40?2,1,2,3,alt3,5,4,50,17,4.6911
6,281,17,47?7,6,7,8,alt2,5,4,50,21,4.8947
6,187,16,29?2,9,0,1,alt1,5,4,50,24,4.8338
6,135,11,14?5,6,7,8,alt3,5,4,50,23,4.8107
6,124,18,22?2,2,3,4,alt2,5,4,50,25,5.1099
7,149,17,2?33,5,6,7,alt1,6,4,50,20,5.0203
7,204,18,3?72,4,5,6,alt3,6,4,50,19,5.0942
6,193,12,2?16,2,3,4,alt2,6,4,50,26,4.8787
6,298,11,3?78,2,3,4,alt1,6,4,50,21,4.8419
7,293,11,3?23,0,1,2,alt3,6,4,50,19,4.83
7,218,19,4?42,0,1,2,alt2,6,4,50,15,4.5782
6,155,17,2?35,6,7,8,alt1,6,4,50,24,4.9261
7,246,11,2?06,5,6,7,alt3,6,4,50,6,4.7934
2,113,9,101?,6,7,8,alt2,1,5,46,41,3.5562
1,981,3,294?,3,4,5,alt1,1,5,46,45,3.617
1,223,7,156?,9,0,1,alt3,1,5,46,45,3.6336
1,175,7,122?,4,5,6,alt2,1,5,46,44,3.6239
1,111,4,44?,4,5,6,alt1,1,5,46,46,3.4821
1,800,2,160?,8,9,0,alt3,1,5,46,46,3.3502
5,668,4,26?2,6,7,8,alt2,2,5,46,31,4.8289
3,491,4,19?4,6,7,8,alt1,2,5,46,40,3.9661
2,902,3,27?6,8,9,0,alt3,2,5,46,43,3.8596
2,768,2,15?6,2,3,4,alt2,2,5,46,43,4.124
2,381,6,22?6,8,9,0,alt1,2,5,46,41,4.1014
4,391,6,23?6,2,3,4,alt3,2,5,46,35,4.2246
3,218,2,4?6,2,3,4,alt2,2,5,46,39,3.7974
2,635,2,12?0,7,8,9,alt1,2,5,46,43,3.876
3,134,7,9?8,1,2,3,alt3,2,5,46,40,4.2751
4,565,5,28?5,1,2,3,alt2,2,5,46,35,4.276
3,358,5,17?0,9,0,1,alt1,2,5,46,38,4.4932
3,113,5,5?5,4,5,6,alt3,2,5,46,37,3.7026
3,518,2,1?36,9,0,1,alt2,3,5,46,37,4.2051
3,672,2,1?44,3,4,5,alt1,3,5,46,40,4.2305
7,289,7,2?23,8,9,0,alt3,3,5,46,13,5.0889
6,216,7,1?12,4,5,6,alt2,3,5,46,23,4.7191
4,574,5,2?70,8,9,0,alt1,3,5,46,35,4.9494
3,750,3,2?50,0,1,2,alt3,3,5,46,38,4.177
3,503,4,2?12,9,0,1,alt2,3,5,46,40,4.6182
4,516,3,1?48,5,6,7,alt1,3,5,46,37,4.3947
6,473,6,2?38,6,7,8,alt3,3,5,46,23,4.9601
4,363,3,1?89,9,0,1,alt2,3,5,46,35,4.3343
4,361,8,2?88,8,9,0,alt1,3,5,46,35,5.108
3,543,3,1?29,4,5,6,alt3,3,5,46,41,4.1423
5,598,5,2?90,8,9,0,alt2,3,5,46,31,5.1063
5,294,5,1?70,4,5,6,alt1,3,5,46,32,4.9629
2,668,2,1?36,1,2,3,alt3,3,5,46,43,4.4579
6,315,9,2?35,7,8,9,alt2,3,5,46,26,4.9163
5,313,8,2?04,5,6,7,alt1,3,5,46,33,5.1121
4,772,2,1?44,3,4,5,alt3,3,5,46,34,4.0594
2,148,12,177?,5,6,7,alt2,4,5,46,42,3.5653
2,117,13,152?,1,2,3,alt1,4,5,46,42,3.663
3,249,19,473?,9,0,1,alt3,4,5,46,38,4.3439
3,153,19,290?,6,7,8,alt2,4,5,46,39,3.9192
1,207,11,227?,7,8,9,alt1,4,5,46,44,3.8059
2,149,14,208?,4,5,6,alt3,4,5,46,42,4.0534
7,295,16,47?0,1,2,3,alt2,5,5,46,14,5.1036
6,220,15,33?0,0,1,2,alt1,5,5,46,24,4.7354
7,186,13,24?8,9,0,1,alt3,5,5,46,10,5.1875
6,127,12,15?4,1,2,3,alt2,5,5,46,23,5.245
4,101,16,16?6,1,2,3,alt1,5,5,46,33,4.6793
4,160,13,20?0,6,7,8,alt3,5,5,46,33,4.663
6,261,17,44?7,2,3,4,alt2,5,5,46,20,5.1098
7,138,13,17?4,9,0,1,alt1,5,5,46,18,5.1662
7,289,14,40?6,2,3,4,alt3,5,5,46,14,5.2545
6,237,11,26?7,9,0,1,alt2,5,5,46,21,4.9837
5,202,16,32?2,3,4,5,alt1,5,5,46,31,5.1259
7,239,18,43?2,8,9,0,alt3,5,5,46,12,5.3291
6,120,15,1?00,7,8,9,alt2,6,5,46,24,4.9837
7,275,19,5?25,2,3,4,alt1,6,5,46,13,5.1538
7,136,15,2?40,8,9,0,alt3,6,5,46,11,5.3498
6,121,11,1?31,2,3,4,alt2,6,5,46,18,4.5348
7,168,13,2?84,1,2,3,alt1,6,5,46,13,5.0464
7,296,15,4?40,2,3,4,alt3,6,5,46,16,5.4157
1,212,9,190?,7,8,9,alt2,1,6,50,50,3.7638
1,355,6,213?,0,1,2,alt1,1,6,50,49,3.73
1,185,4,74?,8,9,0,alt3,1,6,50,47,3.619
2,105,9,94?,4,5,6,alt2,1,6,50,44,3.8904
2,973,3,291?,9,0,1,alt1,1,6,50,44,3.5198
1,612,2,122?,2,3,4,alt3,1,6,50,48,3.6271
1,301,2,6?2,9,0,1,alt2,2,6,50,49,3.5594
2,120,6,7?0,2,3,4,alt1,2,6,50,47,3.9071
3,492,3,14?6,5,6,7,alt3,2,6,50,45,4.4143
1,214,2,4?8,1,2,3,alt2,2,6,50,48,3.8024
1,230,2,4?0,6,7,8,alt1,2,6,50,48,3.5412
4,191,6,11?6,2,3,4,alt3,2,6,50,40,4.3072
1,301,5,15?5,9,0,1,alt2,2,6,50,49,3.6748
3,474,2,9?8,4,5,6,alt1,2,6,50,42,3.9343
4,208,2,4?6,9,0,1,alt3,2,6,50,38,3.9864
4,338,5,16?0,8,9,0,alt2,2,6,50,38,4.3475
5,329,6,19?4,7,8,9,alt1,2,6,50,31,4.847
3,814,3,24?2,2,3,4,alt3,2,6,50,42,4.1578
4,754,2,1?08,4,5,6,alt2,3,6,50,39,4.2766
5,449,5,2?45,2,3,4,alt1,3,6,50,32,4.9019
4,371,3,1?13,9,0,1,alt3,3,6,50,36,4.5153
6,725,4,2?00,8,9,0,alt2,3,6,50,24,5.2527
5,274,4,1?96,0,1,2,alt1,3,6,50,32,4.9489
6,179,6,1?74,8,9,0,alt3,3,6,50,24,5.2847
6,167,6,1?02,9,0,1,alt2,3,6,50,25,5.4376
2,520,4,2?80,0,1,2,alt1,3,6,50,45,4.1021
4,765,2,1?30,3,4,5,alt3,3,6,50,39,4.4964
4,853,3,2?59,4,5,6,alt2,3,6,50,40,4.401
4,352,3,1?56,0,1,2,alt1,3,6,50,39,4.4656
3,517,5,2?85,3,4,5,alt3,3,6,50,44,4.2633
5,426,7,2?82,8,9,0,alt2,3,6,50,30,4.7197
6,162,7,1?34,1,2,3,alt1,3,6,50,26,5.2067
3,427,3,1?81,0,1,2,alt3,3,6,50,42,4.5116
3,217,5,1?85,9,0,1,alt2,3,6,50,42,4.3699
4,636,4,2?44,5,6,7,alt1,3,6,50,37,4.7455
4,444,5,2?20,0,1,2,alt3,3,6,50,38,4.305
2,148,11,162?,7,8,9,alt2,4,6,50,44,3.9595
2,255,11,280?,5,6,7,alt1,4,6,50,44,3.7787
3,217,18,390?,4,5,6,alt3,4,6,50,40,4.0514
1,100,15,150?,9,0,1,alt2,4,6,50,48,3.797
2,163,13,211?,9,0,1,alt1,4,6,50,46,3.9318
2,157,13,204?,9,0,1,alt3,4,6,50,46,3.7863
6,172,15,25?0,7,8,9,alt2,5,6,50,26,5.045
7,172,16,27?2,5,6,7,alt1,5,6,50,17,5.1128
7,249,12,29?8,6,7,8,alt3,5,6,50,19,5.2195
6,241,12,28?2,8,9,0,alt2,5,6,50,23,4.8411
5,233,14,32?2,6,7,8,alt1,5,6,50,30,5.0907
5,120,18,21?0,4,5,6,alt3,5,6,50,33,4.5612
6,108,16,17?8,1,2,3,alt2,5,6,50,27,5.0143
7,295,14,41?0,3,4,5,alt1,5,6,50,16,5.1465
7,162,11,17?2,6,7,8,alt3,5,6,50,19,4.5569
7,272,13,35?6,2,3,4,alt2,5,6,50,20,4.8111
7,178,15,26?0,7,8,9,alt1,5,6,50,18,4.9025
2,100,11,11?0,8,9,0,alt3,5,6,50,47,3.9986
5,206,11,2?66,1,2,3,alt2,6,6,50,29,4.8479
6,185,12,2?20,2,3,4,alt1,6,6,50,26,4.9685
7,136,13,1?68,5,6,7,alt3,6,6,50,9,4.7687
7,187,15,2?05,7,8,9,alt2,6,6,50,20,5.0602
7,230,17,3?10,9,0,1,alt1,6,6,50,21,5.253
6,219,14,3?66,8,9,0,alt3,6,6,50,21,4.8305
1,506,2,101?,1,2,3,alt2,1,7,44,43,3.6272
2,357,3,107?,1,2,3,alt1,1,7,44,40,3.6411
2,116,8,92?,6,7,8,alt3,1,7,44,39,3.588
2,548,5,274?,9,0,1,alt2,1,7,44,38,3.9179
2,298,6,178?,8,9,0,alt1,1,7,44,40,3.9937
2,163,7,114?,9,0,1,alt3,1,7,44,40,3.6664
4,274,3,8?2,1,2,3,alt2,2,7,44,30,4.3185
3,637,3,19?1,1,2,3,alt1,2,7,44,36,4.3862
4,317,8,25?6,1,2,3,alt3,2,7,44,32,4.8698
1,930,2,18?0,5,6,7,alt2,2,7,44,44,3.7032
4,162,5,8?0,1,2,3,alt1,2,7,44,32,4.2742
4,125,4,5?0,8,9,0,alt3,2,7,44,31,4.0738
3,157,2,3?4,0,1,2,alt2,2,7,44,38,3.8497
2,574,2,11?8,4,5,6,alt1,2,7,44,42,3.927
2,870,3,26?0,9,0,1,alt3,2,7,44,40,4.0784
3,415,2,8?0,2,3,4,alt2,2,7,44,36,3.9034
2,458,2,9?6,1,2,3,alt1,2,7,44,41,4.2964
1,343,2,6?6,6,7,8,alt3,2,7,44,42,3.7638
7,728,4,2?12,8,9,0,alt2,3,7,44,16,4.8354
3,413,5,2?65,0,1,2,alt1,3,7,44,39,4.176
2,821,3,2?63,2,3,4,alt3,3,7,44,41,4.1899
3,207,6,1?42,1,2,3,alt2,3,7,44,37,4.2376
5,896,3,2?88,6,7,8,alt1,3,7,44,25,4.6472
6,219,6,1?14,1,2,3,alt3,3,7,44,18,4.577
6,294,6,1?64,6,7,8,alt2,3,7,44,24,4.8433
3,507,2,1?14,0,1,2,alt1,3,7,44,38,4.2024
4,596,3,1?88,5,6,7,alt3,3,7,44,32,4.6356
3,809,3,2?27,3,4,5,alt2,3,7,44,37,4.2888
6,147,8,1?76,1,2,3,alt1,3,7,44,24,4.8998
4,417,5,2?85,8,9,0,alt3,3,7,44,35,4.2413
4,883,3,2?49,5,6,7,alt2,3,7,44,30,4.3377
4,334,8,2?72,6,7,8,alt1,3,7,44,32,4.481
4,779,2,1?58,3,4,5,alt3,3,7,44,32,4.0073
7,274,7,1?18,8,9,0,alt2,3,7,44,16,4.8858
6,393,6,2?58,3,4,5,alt1,3,7,44,25,4.909
4,442,3,1?26,1,2,3,alt3,3,7,44,34,3.9748
2,294,14,411?,5,6,7,alt2,4,7,44,38,3.6812
3,227,17,385?,9,0,1,alt1,4,7,44,36,3.7627
2,254,11,279?,2,3,4,alt3,4,7,44,41,3.5796
2,213,17,362?,0,1,2,alt2,4,7,44,39,3.8403
2,119,15,178?,5,6,7,alt1,4,7,44,41,4.2418
2,114,16,182?,2,3,4,alt3,4,7,44,39,3.8426
4,200,19,38?0,9,0,1,alt2,5,7,44,34,4.0752
6,192,14,26?8,8,9,0,alt1,5,7,44,23,4.9915
5,136,11,14?6,7,8,9,alt3,5,7,44,26,4.3254
7,286,15,42?0,8,9,0,alt2,5,7,44,13,4.9315
6,256,11,28?6,1,2,3,alt1,5,7,44,19,4.4715
7,135,16,21?0,4,5,6,alt3,5,7,44,9,5.0878
5,163,11,17?3,8,9,0,alt2,5,7,44,28,4.4468
7,137,18,24?6,6,7,8,alt1,5,7,44,18,5.0219
6,128,15,19?0,0,1,2,alt3,5,7,44,21,5.0817
6,209,16,33?4,3,4,5,alt2,5,7,44,18,4.6028
7,116,16,18?6,5,6,7,alt1,5,7,44,11,4.5918
6,235,11,25?5,6,7,8,alt3,5,7,44,18,4.2812
6,262,19,4?78,8,9,0,alt2,6,7,44,19,4.5999
7,190,18,3?20,4,5,6,alt1,6,7,44,16,4.8858
7,270,19,5?30,9,0,1,alt3,6,7,44,12,4.8457
6,255,13,3?15,2,3,4,alt2,6,7,44,22,5.1514
5,102,16,1?32,6,7,8,alt1,6,7,44,25,4.8521
7,229,15,3?35,2,3,4,alt3,6,7,44,17,5.0119
2,389,4,155?,5,6,7,alt2,1,8,49,43,4.2446
1,205,7,143?,5,6,7,alt1,1,8,49,49,3.9404
2,106,2,21?,0,1,2,alt3,1,8,49,44,3.8132
2,288,8,230?,3,4,5,alt2,1,8,49,42,4.2035
2,477,6,286?,2,3,4,alt1,1,8,49,38,4.3011
1,543,4,217?,0,1,2,alt3,1,8,49,49,3.8257
2,320,5,16?0,9,0,1,alt2,2,8,49,45,3.9647
3,155,3,4?5,6,7,8,alt1,2,8,49,41,4.2219
2,173,3,5?9,9,0,1,alt3,2,8,49,45,4.2538
2,731,4,29?4,1,2,3,alt2,2,8,49,45,3.7525
1,103,2,2?6,0,1,2,alt1,2,8,49,49,3.7859
4,102,7,7?4,9,0,1,alt3,2,8,49,31,3.8231
1,503,2,10?6,9,0,1,alt2,2,8,49,49,3.7441
4,374,5,18?0,7,8,9,alt1,2,8,49,39,4.4064
5,947,3,28?1,2,3,4,alt3,2,8,49,27,4.6478
5,594,4,23?6,6,7,8,alt2,2,8,49,35,4.8721
2,793,2,15?6,8,9,0,alt1,2,8,49,44,3.6841
2,539,2,10?8,5,6,7,alt3,2,8,49,44,3.9623
1,913,2,1?26,7,8,9,alt2,3,8,49,48,3.9535
6,284,6,1?04,7,8,9,alt1,3,8,49,23,5.1311
5,199,9,1?91,5,6,7,alt3,3,8,49,31,5.119
4,476,5,2?80,2,3,4,alt2,3,8,49,35,4.787
1,801,2,1?02,6,7,8,alt1,3,8,49,49,3.9643
4,558,3,1?74,4,5,6,alt3,3,8,49,37,4.8211
6,276,5,1?80,2,3,4,alt2,3,8,49,27,5.0723
3,695,2,1?90,3,4,5,alt1,3,8,49,43,4.6194
7,199,6,1?94,9,0,1,alt3,3,8,49,21,5.2364
4,676,2,1?52,2,3,4,alt2,3,8,49,39,4.5913
3,309,4,1?36,2,3,4,alt1,3,8,49,42,4.8095
7,243,8,1?44,7,8,9,alt3,3,8,49,21,5.2167
2,201,5,1?05,9,0,1,alt2,3,8,49,43,3.8926
4,406,5,2?30,0,1,2,alt1,3,8,49,37,4.9029
6,169,9,1?21,3,4,5,alt3,3,8,49,22,5.3664
6,375,6,2?50,1,2,3,alt2,3,8,49,29,5.4141
3,671,2,1?42,3,4,5,alt1,3,8,49,42,4.4857
6,257,8,2?56,8,9,0,alt3,3,8,49,23,5.1649
4,115,18,207?,9,0,1,alt2,4,8,49,38,4.1169
2,181,13,235?,3,4,5,alt1,4,8,49,44,3.911
2,268,11,294?,6,7,8,alt3,4,8,49,44,4.0597
2,172,13,223?,5,6,7,alt2,4,8,49,45,3.8412
2,109,11,119?,9,0,1,alt1,4,8,49,43,3.8308
2,115,15,172?,3,4,5,alt3,4,8,49,45,3.8037
5,220,12,26?0,3,4,5,alt2,5,8,49,32,4.6288
7,196,18,35?8,2,3,4,alt1,5,8,49,14,5.4505
7,118,17,20?6,8,9,0,alt3,5,8,49,10,4.8749
7,135,14,18?0,8,9,0,alt2,5,8,49,13,5.085
6,291,17,49?7,4,5,6,alt1,5,8,49,21,5.0421
4,120,12,14?0,2,3,4,alt3,5,8,49,35,4.5686
7,173,19,32?7,7,8,9,alt2,5,8,49,16,5.173
7,127,14,17?8,7,8,9,alt1,5,8,49,18,4.9866
7,183,13,23?9,5,6,7,alt3,5,8,49,17,5.0293
6,226,11,24?6,7,8,9,alt2,5,8,49,27,5.0169
7,216,13,28?8,0,1,2,alt1,5,8,49,14,5.2395
6,186,19,35?4,1,2,3,alt3,5,8,49,23,4.8189
5,202,14,2?28,7,8,9,alt2,6,8,49,30,5.0623
7,130,15,1?50,9,0,1,alt1,6,8,49,17,5.1471
6,132,18,2?76,1,2,3,alt3,6,8,49,22,4.6883
7,207,19,3?33,8,9,0,alt2,6,8,49,16,4.9953
5,124,13,1?12,6,7,8,alt1,6,8,49,30,4.9083
7,109,19,2?71,8,9,0,alt3,6,8,49,20,5.0392
1,667,4,266?,7,8,9,alt2,1,9,49,48,3.8452
1,181,2,36?,2,3,4,alt1,1,9,49,48,3.5099
1,393,7,275?,9,0,1,alt3,1,9,49,48,3.7716
1,874,3,262?,1,2,3,alt2,1,9,49,48,3.5835
1,934,3,280?,2,3,4,alt1,1,9,49,47,3.6342
1,317,6,190?,0,1,2,alt3,1,9,49,47,3.7708
4,525,4,21?0,9,0,1,alt2,2,9,49,38,4.362
2,275,3,8?5,2,3,4,alt1,2,9,49,45,4.474
3,433,4,17?2,1,2,3,alt3,2,9,49,41,4.1129
4,327,4,13?8,9,0,1,alt2,2,9,49,37,4.4464
3,327,5,16?5,3,4,5,alt1,2,9,49,40,4.3133
3,125,5,6?5,0,1,2,alt3,2,9,49,39,4.0947
6,269,9,24?1,1,2,3,alt2,2,9,49,27,5.0388
4,325,9,29?5,2,3,4,alt1,2,9,49,39,4.9111
2,142,4,5?8,4,5,6,alt3,2,9,49,46,3.8736
1,610,2,12?0,1,2,3,alt2,2,9,49,47,3.7749
3,392,4,15?8,6,7,8,alt1,2,9,49,41,4.2126
4,674,4,26?6,7,8,9,alt3,2,9,49,37,4.1835
6,117,9,1?53,9,0,1,alt2,3,9,49,23,5.0684
2,707,2,1?14,4,5,6,alt1,3,9,49,43,3.7918
3,871,2,1?42,5,6,7,alt3,3,9,49,41,4.2401
3,908,2,1?16,7,8,9,alt2,3,9,49,43,4.0321
2,204,7,1?28,4,5,6,alt1,3,9,49,45,4.2934
5,295,8,2?60,1,2,3,alt3,3,9,49,31,5.6533
7,189,8,1?12,4,5,6,alt2,3,9,49,15,5.1812
4,333,7,2?31,3,4,5,alt1,3,9,49,36,4.6464
3,728,3,2?84,9,0,1,alt3,3,9,49,43,4.4885
4,371,6,2?26,1,2,3,alt2,3,9,49,35,4.679
3,404,7,2?28,8,9,0,alt1,3,9,49,43,4.2528
5,340,7,2?80,1,2,3,alt3,3,9,49,33,4.5884
5,872,3,2?16,5,6,7,alt2,3,9,49,31,4.6722
3,431,4,1?24,7,8,9,alt1,3,9,49,42,4.3626
6,289,4,1?56,9,0,1,alt3,3,9,49,28,5.165
6,977,3,2?31,8,9,0,alt2,3,9,49,27,4.7352
4,967,2,1?34,9,0,1,alt1,3,9,49,40,4.5112
7,486,6,2?16,7,8,9,alt3,3,9,49,15,5.2289
3,278,18,500?,3,4,5,alt2,4,9,49,42,4.2067
3,110,12,132?,0,1,2,alt1,4,9,49,42,3.796
2,271,17,460?,5,6,7,alt3,4,9,49,46,3.813
1,228,15,342?,9,0,1,alt2,4,9,49,48,3.9877
3,246,17,418?,2,3,4,alt1,4,9,49,39,4.0014
1,118,12,141?,4,5,6,alt3,4,9,49,47,3.5349
6,164,14,22?6,8,9,0,alt2,5,9,49,21,4.9425
5,126,11,13?6,8,9,0,alt1,5,9,49,34,4.86
6,235,18,42?0,1,2,3,alt3,5,9,49,24,5.0508
6,109,12,13?8,9,0,1,alt2,5,9,49,25,4.5738
7,167,12,20?4,0,1,2,alt1,5,9,49,17,4.8849
7,121,17,20?7,3,4,5,alt3,5,9,49,18,4.5672
2,200,18,36?0,9,0,1,alt2,5,9,49,45,3.8311
4,104,11,11?4,4,5,6,alt1,5,9,49,37,4.4996
7,202,18,36?6,1,2,3,alt3,5,9,49,18,4.3952
6,208,18,37?4,3,4,5,alt2,5,9,49,27,4.8495
6,186,11,20?6,4,5,6,alt1,5,9,49,26,4.8661
7,181,14,25?4,1,2,3,alt3,5,9,49,16,4.7072
7,121,16,1?36,8,9,0,alt2,6,9,49,16,5.0357
6,152,18,2?36,7,8,9,alt1,6,9,49,20,4.9144
7,266,16,4?56,0,1,2,alt3,6,9,49,17,4.8844
7,296,17,5?32,9,0,1,alt2,6,9,49,18,4.6472
6,177,13,2?01,3,4,5,alt1,6,9,49,25,4.8157
7,222,13,2?86,6,7,8,alt3,6,9,49,15,4.7247
2,397,7,277?,8,9,0,alt2,1,10,47,41,3.7333
1,313,7,219?,1,2,3,alt1,1,10,47,45,3.6277
1,397,2,79?,2,3,4,alt3,1,10,47,47,3.5541
1,331,9,297?,8,9,0,alt2,1,10,47,45,3.6881
1,220,2,44?,0,1,2,alt1,1,10,47,45,3.4491
2,134,6,80?,2,3,4,alt3,1,10,47,44,3.8257
1,241,2,4?2,7,8,9,alt2,2,10,47,47,3.5749
2,391,3,11?3,7,8,9,alt1,2,10,47,42,3.6792
4,245,2,4?0,7,8,9,alt3,2,10,47,34,3.8547
3,494,3,14?2,7,8,9,alt2,2,10,47,40,3.966
4,149,4,5?6,9,0,1,alt1,2,10,47,36,4.7014
3,389,5,19?5,2,3,4,alt3,2,10,47,39,4.2797
3,228,3,6?4,7,8,9,alt2,2,10,47,41,4.1294
1,150,3,4?0,5,6,7,alt1,2,10,47,47,3.6754
3,337,3,10?1,9,0,1,alt3,2,10,47,40,4.0749
2,191,3,5?3,6,7,8,alt2,2,10,47,45,3.9362
4,479,4,19?6,1,2,3,alt1,2,10,47,33,4.6292
4,347,3,10?1,2,3,4,alt3,2,10,47,34,4.1247
2,604,4,2?16,3,4,5,alt2,3,10,47,45,4.142
5,252,9,2?68,2,3,4,alt1,3,10,47,31,5.1536
3,558,2,1?16,9,0,1,alt3,3,10,47,38,4.2679
4,582,3,1?46,6,7,8,alt2,3,10,47,36,4.373
4,579,5,2?95,8,9,0,alt1,3,10,47,36,4.7472
3,862,3,2?86,3,4,5,alt3,3,10,47,41,4.4788
3,640,3,1?20,8,9,0,alt2,3,10,47,40,4.16
3,364,7,2?48,5,6,7,alt1,3,10,47,41,5.1268
2,206,5,1?30,8,9,0,alt3,3,10,47,44,4.2248
4,860,3,2?80,4,5,6,alt2,3,10,47,36,4.2487
5,694,3,2?82,0,1,2,alt1,3,10,47,34,5.2165
2,518,3,1?54,3,4,5,alt3,3,10,47,43,4.2591
7,269,8,2?52,0,1,2,alt2,3,10,47,16,5.4005
1,611,2,1?22,2,3,4,alt1,3,10,47,46,3.6879
2,404,3,1?12,0,1,2,alt3,3,10,47,43,4.1442
2,410,4,1?40,5,6,7,alt2,3,10,47,44,3.9934
5,145,9,1?05,3,4,5,alt1,3,10,47,34,5.3413
5,332,9,2?88,7,8,9,alt3,3,10,47,30,4.9499
3,187,18,336?,5,6,7,alt2,4,10,47,38,4.0618
4,212,15,318?,0,1,2,alt1,4,10,47,37,4.07
3,123,19,233?,5,6,7,alt3,4,10,47,41,4.0914
2,261,11,287?,0,1,2,alt2,4,10,47,41,3.8244
4,209,13,271?,7,8,9,alt1,4,10,47,37,4.1976
3,153,13,198?,7,8,9,alt3,4,10,47,39,3.859
6,151,17,25?7,5,6,7,alt2,5,10,47,25,4.4356
7,273,18,49?4,1,2,3,alt1,5,10,47,18,5.0366
6,116,14,16?4,0,1,2,alt3,5,10,47,25,5.0215
4,150,17,25?0,4,5,6,alt2,5,10,47,33,4.5871
6,244,12,29?8,2,3,4,alt1,5,10,47,24,4.8917
7,193,15,28?5,7,8,9,alt3,5,10,47,18,5.1654
6,105,19,19?5,8,9,0,alt2,5,10,47,22,4.8505
7,118,19,22?2,4,5,6,alt1,5,10,47,17,4.8885
6,108,19,20?2,3,4,5,alt3,5,10,47,20,4.9346
7,168,19,31?2,8,9,0,alt2,5,10,47,15,5.0614
6,263,19,49?7,9,0,1,alt1,5,10,47,21,5.2532
7,235,13,30?5,3,4,5,alt3,5,10,47,16,4.9066
6,144,17,2?48,3,4,5,alt2,6,10,47,20,4.5332
7,193,18,3?74,4,5,6,alt1,6,10,47,12,5.1853
7,208,14,2?12,7,8,9,alt3,6,10,47,13,4.9612
7,296,18,5?28,2,3,4,alt2,6,10,47,15,4.3487
7,180,17,3?60,0,1,2,alt1,6,10,47,12,4.8062
7,142,12,1?04,5,6,7,alt3,6,10,47,8,4.8802
1,447,3,134?,0,1,2,alt2,1,11,30,30,3.0309
1,441,3,132?,3,4,5,alt1,1,11,30,29,2.6438
1,516,2,103?,0,1,2,alt3,1,11,30,30,2.7375
1,234,5,117?,9,0,1,alt2,1,11,30,29,2.643
1,237,3,71?,1,2,3,alt1,1,11,30,29,2.8457
1,941,3,282?,1,2,3,alt3,1,11,30,30,2.4209
2,210,7,14?0,6,7,8,alt2,2,11,30,27,2.9298
2,531,5,26?5,5,6,7,alt1,2,11,30,28,3.6027
3,534,5,26?0,5,6,7,alt3,2,11,30,25,4.1155
2,171,4,6?4,7,8,9,alt2,2,11,30,29,3.9587
4,338,4,13?2,5,6,7,alt1,2,11,30,24,5.1084
3,266,5,13?0,1,2,3,alt3,2,11,30,27,4.4625
1,442,2,8?4,7,8,9,alt2,2,11,30,28,2.7943
4,259,4,10?6,3,4,5,alt1,2,11,30,23,4.4958
4,281,7,19?7,4,5,6,alt3,2,11,30,22,3.7211
6,498,6,29?8,7,8,9,alt2,2,11,30,15,5.0437
3,499,5,24?5,9,0,1,alt1,2,11,30,25,4.0713
2,480,4,19?0,0,1,2,alt3,2,11,30,28,3.4527
6,785,3,2?55,2,3,4,alt2,3,11,30,16,5.3726
4,755,2,1?10,5,6,7,alt1,3,11,30,24,4.2102
7,274,6,1?44,4,5,6,alt3,3,11,30,12,4.8235
4,686,2,1?72,2,3,4,alt2,3,11,30,23,4.5869
3,713,3,2?39,1,2,3,alt1,3,11,30,25,3.8654
5,261,8,2?88,8,9,0,alt3,3,11,30,19,4.9351
3,925,2,1?50,7,8,9,alt2,3,11,30,26,3.8212
4,997,3,2?91,9,0,1,alt1,3,11,30,25,4.81
6,359,6,2?54,9,0,1,alt3,3,11,30,17,4.8306
4,456,3,1?68,2,3,4,alt2,3,11,30,24,4.8517
7,168,9,1?12,5,6,7,alt1,3,11,30,14,5.7513
3,786,2,1?72,3,4,5,alt3,3,11,30,26,3.9557
2,616,2,1?32,1,2,3,alt2,3,11,30,29,3.988
4,240,7,1?80,6,7,8,alt1,3,11,30,22,4.098
4,372,3,1?16,9,0,1,alt3,3,11,30,25,4.3623
5,372,6,2?32,1,2,3,alt2,3,11,30,19,5.3842
7,188,9,1?92,6,7,8,alt1,3,11,30,13,5.1226
7,247,9,2?23,0,1,2,alt3,3,11,30,11,5.3922
3,722,4,2?88,7,8,9,alt2,3,11,30,27,4.0539
3,430,4,1?20,7,8,9,alt1,3,11,30,27,4.0637
4,999,3,2?97,7,8,9,alt3,3,11,30,24,4.416
7,363,8,2?04,8,9,0,alt2,3,11,30,10,5.0945
3,309,7,2?63,1,2,3,alt1,3,11,30,27,4.3064
5,255,6,1?30,3,4,5,alt3,3,11,30,20,4.4572
4,273,5,1?65,2,3,4,alt2,3,11,30,25,4.5878
2,606,2,1?12,2,3,4,alt1,3,11,30,28,3.8113
1,511,4,2?44,8,9,0,alt3,3,11,30,30,3.1708
5,986,3,2?58,8,9,0,alt2,3,11,30,21,4.3839
4,345,4,1?80,3,4,5,alt1,3,11,30,25,4.9052
4,355,7,2?85,2,3,4,alt3,3,11,30,24,4.5669
6,254,14,35?6,4,5,6,alt2,5,11,30,14,4.4062
7,127,17,21?9,5,6,7,alt1,5,11,30,9,4.6729
7,135,18,24?0,1,2,3,alt3,5,11,30,10,4.5514
6,135,13,17?5,4,5,6,alt2,5,11,30,15,4.3943
7,247,18,44?6,4,5,6,alt1,5,11,30,6,4.5656
7,117,14,16?8,1,2,3,alt3,5,11,30,9,4.8227
5,117,11,12?7,7,8,9,alt2,5,11,30,18,4.0931
6,251,17,42?7,6,7,8,alt1,5,11,30,15,4.8973
6,199,14,27?6,6,7,8,alt3,5,11,30,12,4.4294
6,153,17,26?1,9,0,1,alt2,5,11,30,14,4.9824
6,185,14,25?0,9,0,1,alt1,5,11,30,14,4.9464
5,150,14,21?0,8,9,0,alt3,5,11,30,19,4.2672
1,933,3,279?,8,9,0,alt2,1,12,31,30,2.8332
2,238,8,190?,4,5,6,alt1,1,12,31,26,3.0352
2,235,9,211?,3,4,5,alt3,1,12,31,28,3.1247
1,396,2,79?,1,2,3,alt2,1,12,31,31,3.1964
2,219,4,87?,6,7,8,alt1,1,12,31,29,2.9242
1,531,2,106?,0,1,2,alt3,1,12,31,31,2.6252
3,215,9,19?5,2,3,4,alt2,2,12,31,28,4.3068
1,975,2,19?0,5,6,7,alt1,2,12,31,30,3.3727
2,330,6,19?0,6,7,8,alt3,2,12,31,28,2.9841
4,223,4,8?2,8,9,0,alt2,2,12,31,21,3.2919
5,279,4,11?6,1,2,3,alt1,2,12,31,19,4.7389
1,572,2,11?4,2,3,4,alt3,2,12,31,31,3.0249
4,599,4,23?6,8,9,0,alt2,2,12,31,25,4.2934
1,300,8,24?0,0,1,2,alt1,2,12,31,30,2.6051
4,287,2,5?4,5,6,7,alt3,2,12,31,24,3.7387
3,959,3,28?7,6,7,8,alt2,2,12,31,28,3.8419
4,409,5,20?5,4,5,6,alt1,2,12,31,23,3.792
4,105,5,5?5,0,1,2,alt3,2,12,31,23,3.3637
4,226,6,1?56,2,3,4,alt2,3,12,31,26,4.6405
6,163,8,1?04,3,4,5,alt1,3,12,31,18,4.8357
4,293,5,1?65,2,3,4,alt3,3,12,31,25,4.5554
6,218,9,1?62,8,9,0,alt2,3,12,31,17,4.3256
6,128,9,1?52,1,2,3,alt1,3,12,31,18,5.3103
3,451,3,1?53,1,2,3,alt3,3,12,31,28,3.9654
7,278,4,1?12,0,1,2,alt2,3,12,31,13,5.0111
4,967,3,2?01,9,0,1,alt1,3,12,31,24,4.6669
6,488,6,2?28,7,8,9,alt3,3,12,31,14,4.4977
3,413,4,1?52,5,6,7,alt2,3,12,31,27,3.7714
4,825,3,2?75,4,5,6,alt1,3,12,31,25,3.8797
4,284,5,1?20,2,3,4,alt3,3,12,31,24,4.529
4,659,2,1?18,2,3,4,alt2,3,12,31,23,4.1994
3,207,7,1?49,4,5,6,alt1,3,12,31,27,3.9839
7,378,7,2?46,4,5,6,alt3,3,12,31,11,4.7825
6,328,9,2?52,8,9,0,alt2,3,12,31,16,4.7737
4,878,3,2?34,6,7,8,alt1,3,12,31,24,4.638
3,520,2,1?40,8,9,0,alt3,3,12,31,27,3.3706
3,716,2,1?32,3,4,5,alt2,3,12,31,26,3.4192
5,260,9,2?40,3,4,5,alt1,3,12,31,19,4.6996
5,423,7,2?61,7,8,9,alt3,3,12,31,21,4.5763
2,401,3,1?03,1,2,3,alt2,3,12,31,29,3.135
1,931,2,1?62,8,9,0,alt1,3,12,31,30,3.0903
2,524,3,1?72,3,4,5,alt3,3,12,31,29,4.0523
4,987,2,1?74,8,9,0,alt2,3,12,31,25,4.5016
5,287,6,1?22,7,8,9,alt1,3,12,31,22,5.461
5,236,7,1?52,4,5,6,alt3,3,12,31,21,4.7792
7,266,8,2?28,0,1,2,alt2,3,12,31,12,4.8635
7,287,8,2?96,2,3,4,alt1,3,12,31,10,5.1916
6,267,9,2?03,2,3,4,alt3,3,12,31,17,5.3761
6,179,17,30?3,3,4,5,alt2,5,12,31,13,4.5224
6,111,19,21?9,0,1,2,alt1,5,12,31,15,3.9477
4,130,14,18?0,0,1,2,alt3,5,12,31,25,4.3513
5,130,17,22?0,0,1,2,alt2,5,12,31,19,3.8104
6,190,16,30?0,4,5,6,alt1,5,12,31,16,4.7216
4,220,17,37?0,2,3,4,alt3,5,12,31,22,4.3703
5,174,11,19?4,0,1,2,alt2,5,12,31,20,4.5249
7,193,14,27?2,0,1,2,alt1,5,12,31,13,5.0809
6,101,18,18?8,9,0,1,alt3,5,12,31,13,3.6213
7,239,19,45?1,3,4,5,alt2,5,12,31,13,5.0954
5,191,12,22?2,9,0,1,alt1,5,12,31,17,4.177
7,195,12,23?0,2,3,4,alt3,5,12,31,12,4.5687
1,225,5,112?,4,5,6,alt2,1,13,29,29,2.6244
1,291,9,261?,9,0,1,alt1,1,13,29,29,2.8302
1,351,6,210?,4,5,6,alt3,1,13,29,28,2.4753
1,813,3,243?,8,9,0,alt2,1,13,29,29,2.5852
1,201,9,180?,9,0,1,alt1,1,13,29,28,2.6949
1,391,7,273?,5,6,7,alt3,1,13,29,28,2.9568
1,631,4,25?4,1,2,3,alt2,2,13,29,28,3.2008
2,174,5,8?0,7,8,9,alt1,2,13,29,27,4.0511
3,172,7,12?4,8,9,0,alt3,2,13,29,24,4.029
1,452,2,9?4,9,0,1,alt2,2,13,29,29,3.2409
2,405,3,12?5,1,2,3,alt1,2,13,29,28,3.4967
1,521,2,10?2,2,3,4,alt3,2,13,29,29,2.7877
3,494,4,19?6,6,7,8,alt2,2,13,29,23,3.55
4,171,9,15?9,3,4,5,alt1,2,13,29,22,4.4564
4,412,5,20?0,4,5,6,alt3,2,13,29,23,3.557
3,268,6,16?8,9,0,1,alt2,2,13,29,25,4.1872
4,258,7,18?6,0,1,2,alt1,2,13,29,23,4.7969
2,336,4,13?4,2,3,4,alt3,2,13,29,27,3.7979
7,678,4,2?12,6,7,8,alt2,3,13,29,10,4.7553
3,480,5,2?00,4,5,6,alt1,3,13,29,25,4.0039
7,194,6,1?64,9,0,1,alt3,3,13,29,12,5.032
5,477,5,2?85,2,3,4,alt2,3,13,29,20,4.3473
4,319,9,2?71,8,9,0,alt1,3,13,29,25,5.2753
6,198,6,1?88,9,0,1,alt3,3,13,29,16,4.9574
2,530,5,2?50,5,6,7,alt2,3,13,29,27,3.832
3,340,3,1?20,0,1,2,alt1,3,13,29,26,4.0987
1,312,4,1?48,0,1,2,alt3,3,13,29,28,3.1526
3,271,5,1?55,2,3,4,alt2,3,13,29,25,3.7464
3,483,3,1?49,4,5,6,alt1,3,13,29,26,3.8592
4,585,5,2?25,7,8,9,alt3,3,13,29,23,4.3234
7,325,4,1?00,2,3,4,alt2,3,13,29,6,3.9109
4,483,6,2?98,8,9,0,alt1,3,13,29,21,4.6897
3,222,9,1?98,7,8,9,alt3,3,13,29,25,3.8076
4,585,3,1?55,6,7,8,alt2,3,13,29,23,4.661
2,462,4,1?48,8,9,0,alt1,3,13,29,27,3.6699
1,814,2,1?28,4,5,6,alt3,3,13,29,29,2.9859
6,345,7,2?15,3,4,5,alt2,3,13,29,13,4.5934
4,240,8,1?20,9,0,1,alt1,3,13,29,24,4.5165
2,691,2,1?82,1,2,3,alt3,3,13,29,26,3.5421
1,301,6,1?06,7,8,9,alt2,3,13,29,29,2.9397
1,524,2,1?48,0,1,2,alt1,3,13,29,28,3.2786
6,148,7,1?36,8,9,0,alt3,3,13,29,12,4.6692
4,766,3,2?98,1,2,3,alt2,3,13,29,23,4.065
2,976,2,1?52,9,0,1,alt1,3,13,29,28,3.8984
3,270,4,1?80,8,9,0,alt3,3,13,29,25,4.4623
2,917,3,2?51,6,7,8,alt2,3,13,29,27,3.9811
5,159,8,1?72,2,3,4,alt1,3,13,29,21,5.0561
4,597,3,1?91,5,6,7,alt3,3,13,29,22,4.13
5,222,15,33?0,2,3,4,alt2,5,13,29,17,4.6338
7,267,13,34?1,7,8,9,alt1,5,13,29,11,4.8743
7,283,17,48?1,9,0,1,alt3,5,13,29,6,4.884
6,298,12,35?6,6,7,8,alt2,5,13,29,13,5.0962
7,298,17,50?6,6,7,8,alt1,5,13,29,10,4.9084
5,179,11,19?9,4,5,6,alt3,5,13,29,20,4.9245
5,171,12,20?2,4,5,6,alt2,5,13,29,18,4.1352
4,236,11,25?6,9,0,1,alt1,5,13,29,22,4.1649
4,110,17,18?0,5,6,7,alt3,5,13,29,23,4.4791
7,265,17,45?5,9,0,1,alt2,5,13,29,11,4.8771
7,139,14,19?6,4,5,6,alt1,5,13,29,13,5.3615
6,172,19,32?8,4,5,6,alt3,5,13,29,13,4.7401
1,744,4,297?,5,6,7,alt2,1,14,28,28,2.7674
1,234,9,210?,6,7,8,alt1,1,14,28,27,3.2448
1,426,3,127?,6,7,8,alt3,1,14,28,27,2.676
2,137,7,95?,8,9,0,alt2,1,14,28,26,3.0471
2,649,3,194?,7,8,9,alt1,1,14,28,26,3.0175
3,839,2,16?8,5,6,7,alt3,2,14,28,23,3.3265
3,154,7,10?8,6,7,8,alt2,2,14,28,23,3.9225
4,558,4,22?2,3,4,5,alt1,2,14,28,22,4.5625
5,268,8,21?4,2,3,4,alt3,2,14,28,20,4.7721
2,144,6,8?4,5,6,7,alt2,2,14,28,25,3.5337
2,334,5,16?0,7,8,9,alt1,2,14,28,26,3.5063
6,289,8,23?2,9,0,1,alt3,2,14,28,17,5.3671
3,126,7,8?2,7,8,9,alt2,2,14,28,24,4.2107
2,124,3,3?2,7,8,9,alt1,2,14,28,26,3.3416
1,601,2,12?2,8,9,0,alt3,2,14,28,28,2.8979
3,306,7,2?42,0,1,2,alt2,3,14,28,24,3.4713
2,521,5,2?05,6,7,8,alt1,3,14,28,27,3.47
2,623,4,2?92,2,3,4,alt3,3,14,28,26,4.1034
4,253,6,1?18,4,5,6,alt2,3,14,28,22,4.0139
6,195,7,1?65,3,4,5,alt1,3,14,28,15,5.2797
4,366,3,1?98,8,9,0,alt3,3,14,28,23,4.2476
4,266,4,1?64,9,0,1,alt2,3,14,28,22,4.2609
4,449,6,2?94,6,7,8,alt1,3,14,28,23,4.8454
2,416,3,1?48,0,1,2,alt3,3,14,28,26,3.5976
6,129,8,1?32,9,0,1,alt2,3,14,28,16,5.3239
4,448,3,1?44,3,4,5,alt1,3,14,28,21,4.1379
3,445,4,1?80,5,6,7,alt3,3,14,28,25,4.5902
4,428,6,2?68,4,5,6,alt2,3,14,28,22,4.37
4,449,4,1?96,7,8,9,alt1,3,14,28,21,4.4194
2,536,2,1?72,8,9,0,alt3,3,14,28,27,3.9152
4,888,3,2?64,5,6,7,alt2,3,14,28,21,4.0817
1,202,6,1?12,2,3,4,alt1,3,14,28,28,3.4575
6,418,7,2?26,7,8,9,alt3,3,14,28,14,4.3503
2,309,5,1?45,4,5,6,alt2,3,14,28,26,3.3246
3,555,4,2?20,2,3,4,alt1,3,14,28,25,3.9143
1,705,3,2?15,9,0,1,alt3,3,14,28,28,3.2688
4,394,5,1?70,8,9,0,alt2,3,14,28,21,4.3158
3,245,5,1?25,2,3,4,alt1,3,14,28,25,3.9539
1,425,3,1?75,0,1,2,alt3,3,14,28,28,3.65
3,465,4,1?60,7,8,9,alt2,3,14,28,25,4.1179
6,258,13,33?4,5,6,7,alt1,5,14,28,15,4.8698
5,239,11,26?9,0,1,2,alt3,5,14,28,18,4.053
6,159,19,30?1,1,2,3,alt2,5,14,28,13,5.0397
5,206,12,24?2,7,8,9,alt1,5,14,28,19,4.3621
6,162,19,30?8,5,6,7,alt3,5,14,28,15,4.8842
5,298,18,53?4,5,6,7,alt2,5,14,28,17,5.0714
5,117,16,18?2,7,8,9,alt1,5,14,28,19,4.4812
5,254,16,40?4,4,5,6,alt3,5,14,28,18,4.2835
5,198,12,23?6,6,7,8,alt2,5,14,28,16,4.6316
6,298,13,38?4,7,8,9,alt1,5,14,28,15,4.8044
6,169,17,28?3,5,6,7,alt3,5,14,28,14,5.2059
5,162,12,19?4,3,4,5,alt2,5,14,28,18,4.2449
3,111,18,19?8,9,0,1,alt1,5,14,28,25,3.8254
5,281,15,42?5,9,0,1,alt3,5,14,28,18,4.6633
6,277,15,41?5,4,5,6,alt2,5,14,28,16,4.8162
5,274,11,30?4,1,2,3,alt1,5,14,28,19,4.5191
4,111,16,17?6,5,6,7,alt3,5,14,28,22,3.4456
6,283,18,50?4,8,9,0,alt2,5,14,28,15,5.1622
6,253,14,35?2,4,5,6,alt1,5,14,28,15,4.3807
6,225,18,40?0,3,4,5,alt3,5,14,28,12,4.5294
1,127,8,101?,5,6,7,alt2,1,15,29,29,2.9704
2,313,9,281?,7,8,9,alt1,1,15,29,26,2.8277
1,781,3,234?,1,2,3,alt3,1,15,29,29,2.8394
1,983,3,294?,8,9,0,alt2,1,15,29,28,2.5456
1,341,3,102?,3,4,5,alt1,1,15,29,29,2.5025
2,307,5,15?5,1,2,3,alt3,2,15,29,27,3.5263
1,321,9,28?9,7,8,9,alt2,2,15,29,28,2.9156
5,467,6,28?2,0,1,2,alt1,2,15,29,20,4.5355
2,683,2,13?6,4,5,6,alt3,2,15,29,27,3.2684
2,758,2,15?6,0,1,2,alt2,2,15,29,26,3.3113
3,235,5,11?5,7,8,9,alt1,2,15,29,24,3.7568
3,122,7,8?4,3,4,5,alt3,2,15,29,23,3.3806
4,255,8,20?0,3,4,5,alt2,2,15,29,23,3.9834
4,195,3,5?5,8,9,0,alt1,2,15,29,23,3.847
2,299,2,5?8,7,8,9,alt3,2,15,29,27,3.3491
3,756,3,2?68,1,2,3,alt2,3,15,29,24,4.1155
2,414,4,1?56,6,7,8,alt1,3,15,29,26,3.5594
5,292,8,2?36,1,2,3,alt3,3,15,29,22,5.368
2,214,6,1?84,1,2,3,alt2,3,15,29,28,3.6396
3,762,3,2?86,2,3,4,alt1,3,15,29,25,3.5957
2,333,8,2?64,4,5,6,alt3,3,15,29,27,4.232
5,478,6,2?68,7,8,9,alt2,3,15,29,21,5.169
4,347,7,2?29,4,5,6,alt1,3,15,29,22,5.1934
4,356,8,2?48,6,7,8,alt3,3,15,29,22,4.7874
3,826,3,2?78,3,4,5,alt2,3,15,29,25,3.8836
3,307,7,2?49,1,2,3,alt1,3,15,29,24,3.7075
3,588,2,1?76,9,0,1,alt3,3,15,29,24,3.6544
3,693,2,1?86,2,3,4,alt2,3,15,29,24,3.8236
2,349,5,1?45,7,8,9,alt1,3,15,29,27,3.8101
3,442,6,2?52,4,5,6,alt3,3,15,29,24,3.9599
5,699,4,2?96,6,7,8,alt2,3,15,29,19,4.6133
3,964,3,2?92,8,9,0,alt1,3,15,29,27,4.3981
3,228,6,1?68,1,2,3,alt3,3,15,29,24,4.0916
4,555,2,1?10,0,1,2,alt2,3,15,29,22,3.4414
3,656,3,1?68,9,0,1,alt1,3,15,29,26,4.256
4,876,2,1?52,5,6,7,alt3,3,15,29,21,4.076
7,249,9,2?41,1,2,3,alt2,3,15,29,12,5.4398
2,715,4,2?60,8,9,0,alt1,3,15,29,26,3.6659
2,416,5,2?80,8,9,0,alt3,3,15,29,26,3.5781
6,128,8,1?24,9,0,1,alt2,3,15,29,15,5.0193
6,104,19,19?6,7,8,9,alt1,5,15,29,16,4.4394
5,203,12,24?6,1,2,3,alt3,5,15,29,18,3.7759
5,256,17,43?2,4,5,6,alt2,5,15,29,19,4.9873
4,103,14,14?2,4,5,6,alt1,5,15,29,21,4.5675
6,218,18,39?4,0,1,2,alt3,5,15,29,16,5.021
6,199,12,23?8,7,8,9,alt2,5,15,29,14,4.1601
6,118,13,15?4,3,4,5,alt1,5,15,29,16,4.7725
6,179,15,26?5,6,7,8,alt3,5,15,29,15,4.4346
6,237,17,40?9,1,2,3,alt2,5,15,29,16,4.7727
5,279,11,30?9,6,7,8,alt1,5,15,29,16,4.308
7,188,16,30?8,8,9,0,alt3,5,15,29,11,4.7616
6,212,17,36?4,9,0,1,alt2,5,15,29,14,4.3905
6,171,19,32?9,4,5,6,alt1,5,15,29,15,4.5065
6,174,19,33?6,8,9,0,alt3,5,15,29,13,4.9485
6,122,19,23?8,0,1,2,alt2,5,15,29,15,4.5783
5,293,19,55?7,6,7,8,alt1,5,15,29,17,4.7734
6,118,15,17?0,5,6,7,alt3,5,15,29,14,4.4286
6,156,14,21?4,7,8,9,alt2,5,15,29,15,4.534
6,285,14,39?0,9,0,1,alt1,5,15,29,14,5.0046
3,205,11,22?5,3,4,5,alt3,5,15,29,25,4.1221
2,366,7,256?,1,2,3,alt2,1,16,29,27,3.0319
1,227,5,113?,5,6,7,alt1,1,16,29,29,2.6083
1,309,3,92?,5,6,7,alt3,1,16,29,29,2.5733
1,213,7,149?,0,1,2,alt2,1,16,29,28,2.629
1,311,9,279?,9,0,1,alt1,1,16,29,29,2.7494
2,918,2,18?6,1,2,3,alt3,2,16,29,28,3.4375
2,244,5,12?0,1,2,3,alt2,2,16,29,28,3.5443
4,688,4,27?2,5,6,7,alt1,2,16,29,22,4.111
1,311,3,9?3,1,2,3,alt3,2,16,29,28,2.9613
3,658,4,26?2,2,3,4,alt2,2,16,29,25,4.1994
3,291,8,23?8,2,3,4,alt1,2,16,29,25,3.7038
1,423,2,8?6,2,3,4,alt3,2,16,29,28,3.0283
3,273,4,10?2,8,9,0,alt2,2,16,29,26,4.1943
7,147,9,13?3,2,3,4,alt1,2,16,29,11,5.4017
4,615,2,12?0,1,2,3,alt3,2,16,29,19,3.3571
3,419,4,1?76,5,6,7,alt2,3,16,29,25,3.7557
2,461,6,2?66,7,8,9,alt1,3,16,29,28,4.2886
2,817,3,2?51,2,3,4,alt3,3,16,29,27,3.4339
3,419,5,2?95,9,0,1,alt2,3,16,29,24,3.7801
5,154,9,1?86,3,4,5,alt1,3,16,29,19,4.8732
5,292,6,1?52,5,6,7,alt3,3,16,29,18,4.6766
4,322,7,2?54,1,2,3,alt2,3,16,29,23,3.9519
4,367,3,1?01,1,2,3,alt1,3,16,29,25,5.4427
5,383,4,1?32,3,4,5,alt3,3,16,29,19,4.51
5,283,8,2?64,1,2,3,alt2,3,16,29,18,5.1956
2,209,7,1?63,4,5,6,alt1,3,16,29,28,3.4802
6,364,6,2?84,9,0,1,alt3,3,16,29,16,4.6655
4,259,5,1?95,1,2,3,alt2,3,16,29,23,4.3231
2,304,9,2?36,7,8,9,alt1,3,16,29,28,3.7099
5,296,9,2?64,4,5,6,alt3,3,16,29,20,5.2219
3,582,4,2?28,2,3,4,alt2,3,16,29,25,3.9236
3,229,6,1?74,3,4,5,alt1,3,16,29,25,3.9941
1,523,3,1?69,3,4,5,alt3,3,16,29,29,3.3751
2,314,5,1?70,4,5,6,alt2,3,16,29,27,3.4095
2,807,2,1?14,6,7,8,alt1,3,16,29,27,3.4259
4,337,8,2?96,4,5,6,alt3,3,16,29,21,4.3145
3,225,6,1?50,2,3,4,alt2,3,16,29,26,4.4708
3,434,4,1?36,7,8,9,alt1,3,16,29,26,3.8696
2,608,3,1?24,6,7,8,alt3,3,16,29,27,3.4037
2,231,5,1?55,0,1,2,alt2,3,16,29,26,3.3685
6,109,18,19?2,6,7,8,alt1,5,16,29,12,4.5522
7,183,19,34?7,5,6,7,alt3,5,16,29,10,4.9523
6,287,19,54?3,4,5,6,alt2,5,16,29,13,4.6563
5,272,18,48?6,9,0,1,alt1,5,16,29,19,4.1666
6,281,18,50?8,3,4,5,alt3,5,16,29,15,4.0565
6,254,19,48?6,1,2,3,alt2,5,16,29,16,4.6798
6,253,15,37?5,9,0,1,alt1,5,16,29,16,4.8521
5,132,12,15?4,6,7,8,alt3,5,16,29,18,3.8083
5,142,13,18?6,3,4,5,alt2,5,16,29,20,4.2527
6,275,11,30?5,2,3,4,alt1,5,16,29,16,4.5761
6,254,13,33?2,8,9,0,alt3,5,16,29,14,4.389
5,144,14,20?6,0,1,2,alt2,5,16,29,17,4.6327
6,298,14,41?2,7,8,9,alt1,5,16,29,13,4.8723
6,236,19,44?4,6,7,8,alt3,5,16,29,13,4.4548
6,297,16,47?2,4,5,6,alt2,5,16,29,16,4.9836
5,174,13,22?2,6,7,8,alt1,5,16,29,16,4.1678
6,258,16,41?8,0,1,2,alt3,5,16,29,15,4.4377
5,262,13,34?6,9,0,1,alt2,5,16,29,16,4.1025
6,149,12,17?8,8,9,0,alt1,5,16,29,15,4.5899
6,194,13,25?2,0,1,2,alt3,5,16,29,16,4.4803
1,123,7,86?,0,1,2,alt2,1,17,29,29,2.5948
1,192,7,134?,4,5,6,alt1,1,17,29,29,2.5018
1,388,7,271?,4,5,6,alt3,1,17,29,28,3.0037
1,166,8,132?,7,8,9,alt2,1,17,29,28,2.7626
2,206,9,185?,4,5,6,alt1,1,17,29,20,3.0647
5,343,7,24?1,8,9,0,alt3,2,17,29,19,3.8567
6,397,6,23?2,7,8,9,alt2,2,17,29,17,4.9257
2,136,4,5?4,4,5,6,alt1,2,17,29,27,3.4114
2,485,5,24?5,0,1,2,alt3,2,17,29,26,3.5119
3,123,8,9?4,7,8,9,alt2,2,17,29,25,4.0224
4,598,4,23?2,9,0,1,alt1,2,17,29,22,4.8088
3,137,5,6?5,6,7,8,alt3,2,17,29,26,3.8479
2,461,2,9?2,1,2,3,alt2,2,17,29,25,2.9661
1,831,3,24?3,9,0,1,alt1,2,17,29,29,3.2358
1,301,3,9?3,8,9,0,alt3,2,17,29,29,2.8394
3,242,6,1?52,3,4,5,alt2,3,17,29,26,3.9467
3,348,5,1?40,7,8,9,alt1,3,17,29,25,3.9903
3,322,6,1?32,7,8,9,alt3,3,17,29,25,3.9719
4,657,3,1?71,8,9,0,alt2,3,17,29,23,4.0413
3,535,5,2?75,6,7,8,alt1,3,17,29,27,4.6694
6,283,9,2?47,3,4,5,alt3,3,17,29,14,4.8881
5,193,7,1?51,2,3,4,alt2,3,17,29,21,5.1539
5,184,9,1?56,6,7,8,alt1,3,17,29,19,4.7756
4,682,3,2?46,8,9,0,alt3,3,17,29,24,4.2757
3,332,6,1?92,8,9,0,alt2,3,17,29,26,4.2291
3,344,3,1?32,0,1,2,alt1,3,17,29,25,3.9821
3,472,3,1?16,2,3,4,alt3,3,17,29,24,3.6026
5,288,4,1?52,0,1,2,alt2,3,17,29,19,4.7114
5,137,9,1?33,2,3,4,alt1,3,17,29,20,5.0571
7,359,5,1?95,5,6,7,alt3,3,17,29,20,11.2044
2,352,4,1?08,3,4,5,alt2,3,17,29,27,3.6644
4,377,4,1?08,5,6,7,alt1,3,17,29,25,4.9499
4,428,5,2?40,9,0,1,alt3,3,17,29,22,4.2123
1,301,7,2?07,0,1,2,alt2,3,17,29,28,3.0687
3,413,7,2?91,8,9,0,alt1,3,17,29,26,3.6746
4,772,3,2?16,1,2,3,alt3,3,17,29,21,3.8629
6,415,7,2?05,8,9,0,alt2,3,17,29,14,3.8316
5,183,6,1?98,0,1,2,alt1,3,17,29,19,4.5948
4,361,7,2?27,3,4,5,alt3,3,17,29,21,4.46
6,478,4,1?12,8,9,0,alt2,3,17,29,14,4.7614
5,262,12,31?4,4,5,6,alt1,5,17,29,19,4.3708
5,297,13,38?1,4,5,6,alt3,5,17,29,17,4.4342
6,115,19,21?5,7,8,9,alt2,5,17,29,15,4.7472
4,183,11,20?3,1,2,3,alt1,5,17,29,21,4.1409
6,218,16,34?8,6,7,8,alt3,5,17,29,16,4.3842
5,264,14,36?6,8,9,0,alt2,5,17,29,17,4.4445
4,202,12,24?4,2,3,4,alt1,5,17,29,23,3.8842
4,143,16,22?8,6,7,8,alt3,5,17,29,20,3.9361
6,218,13,28?4,2,3,4,alt2,5,17,29,16,4.3565
4,243,14,34?2,0,1,2,alt1,5,17,29,21,4.454
4,158,18,28?4,2,3,4,alt3,5,17,29,21,4.703
5,265,15,39?5,6,7,8,alt2,5,17,29,19,4.5438
6,296,14,41?4,4,5,6,alt1,5,17,29,14,4.5414
6,147,18,26?6,2,3,4,alt3,5,17,29,16,4.7426
5,188,12,22?6,4,5,6,alt2,5,17,29,20,4.4946
6,196,14,27?4,4,5,6,alt1,5,17,29,13,4.5598
5,168,12,20?6,9,0,1,alt3,5,17,29,17,4.3991
4,291,12,34?2,8,9,0,alt2,5,17,29,21,3.9026
5,125,13,16?5,2,3,4,alt1,5,17,29,18,4.6084
5,257,14,35?8,7,8,9,alt3,5,17,29,20,4.5244
2,955,3,286?,4,5,6,alt2,1,18,30,28,3.141
1,656,4,262?,4,5,6,alt1,1,18,30,29,3.0467
1,287,7,200?,7,8,9,alt3,1,18,30,28,2.6654
1,343,6,205?,7,8,9,alt2,1,18,30,29,2.9155
1,279,5,139?,5,6,7,alt1,1,18,30,29,3.1819
2,471,2,9?2,2,3,4,alt3,2,18,30,27,3.2532
3,365,8,29?0,1,2,3,alt2,2,18,30,26,4.7821
1,306,6,18?6,3,4,5,alt1,2,18,30,30,3.465
2,236,3,7?8,8,9,0,alt3,2,18,30,28,3.4394
1,376,2,7?2,4,5,6,alt2,2,18,30,29,3.3955
2,486,2,9?2,7,8,9,alt1,2,18,30,28,3.8293
3,709,2,14?8,9,0,1,alt3,2,18,30,25,3.4795
3,207,8,16?6,4,5,6,alt2,2,18,30,26,3.5883
1,571,2,11?2,4,5,6,alt1,2,18,30,29,3.1768
5,469,6,28?4,9,0,1,alt3,2,18,30,20,4.8166
5,378,6,2?68,1,2,3,alt2,3,18,30,20,4.6487
2,799,2,1?98,5,6,7,alt1,3,18,30,28,3.7276
2,331,6,1?86,7,8,9,alt3,3,18,30,27,3.4753
4,774,3,2?22,2,3,4,alt2,3,18,30,22,4.4785
4,374,4,1?96,4,5,6,alt1,3,18,30,23,4.6449
3,304,8,2?32,2,3,4,alt3,3,18,30,25,3.9483
4,368,7,2?76,4,5,6,alt2,3,18,30,25,4.5274
2,456,4,1?24,8,9,0,alt1,3,18,30,29,3.962
2,549,5,2?45,5,6,7,alt3,3,18,30,28,3.9968
2,533,3,1?99,4,5,6,alt2,3,18,30,28,3.7425
4,123,9,1?07,1,2,3,alt1,3,18,30,26,5.0627
6,338,6,2?28,8,9,0,alt3,3,18,30,16,4.6923
4,594,5,2?70,8,9,0,alt2,3,18,30,24,4.5509
5,157,7,1?99,0,1,2,alt1,3,18,30,20,4.9355
4,488,3,1?64,2,3,4,alt3,3,18,30,25,4.5106
1,515,5,2?75,4,5,6,alt2,3,18,30,30,3.6603
2,343,5,1?15,7,8,9,alt1,3,18,30,29,3.848
4,488,4,1?52,7,8,9,alt3,3,18,30,22,4.2977
5,686,3,2?58,9,0,1,alt2,3,18,30,20,4.8001
1,715,2,1?30,4,5,6,alt1,3,18,30,30,3.3518
2,302,9,2?18,5,6,7,alt3,3,18,30,30,4.149
4,482,4,1?28,8,9,0,alt2,3,18,30,25,4.4772
2,526,3,1?78,5,6,7,alt1,3,18,30,28,3.9751
4,595,2,1?90,9,0,1,alt3,3,18,30,22,4.1108
3,326,5,1?30,5,6,7,alt2,3,18,30,27,4.3418
3,151,11,16?1,6,7,8,alt1,5,18,30,25,3.9504
6,217,19,41?3,0,1,2,alt3,5,18,30,15,4.5533
6,148,19,28?2,0,1,2,alt2,5,18,30,14,4.6564
6,225,14,31?0,5,6,7,alt1,5,18,30,16,4.9022
5,151,16,24?6,9,0,1,alt3,5,18,30,17,4.4884
4,232,11,25?2,4,5,6,alt2,5,18,30,24,3.7114
5,112,19,21?8,2,3,4,alt1,5,18,30,19,4.0918
6,277,17,47?9,8,9,0,alt3,5,18,30,16,4.2164
5,225,12,27?0,9,0,1,alt2,5,18,30,17,4.2894
6,155,15,23?5,2,3,4,alt1,5,18,30,15,4.2756
5,214,11,23?4,3,4,5,alt3,5,18,30,16,3.8242
4,196,11,21?6,4,5,6,alt2,5,18,30,23,4.0652
5,173,18,31?4,1,2,3,alt1,5,18,30,18,4.3999
5,262,17,44?4,3,4,5,alt3,5,18,30,19,4.1921
5,201,19,38?9,0,1,2,alt2,5,18,30,20,4.0165
4,112,14,15?8,6,7,8,alt1,5,18,30,22,4.1034
5,192,19,36?8,2,3,4,alt3,5,18,30,17,4.5318
5,295,18,53?0,0,1,2,alt2,5,18,30,19,4.7627
6,293,18,52?4,7,8,9,alt1,5,18,30,13,4.4672
5,112,17,19?4,8,9,0,alt3,5,18,30,18,4.3997
2,184,8,147?,1,2,3,alt2,1,19,30,27,3.0932
1,339,3,101?,7,8,9,alt1,1,19,30,28,2.7734
1,121,2,24?,0,1,2,alt3,1,19,30,30,2.6459
1,154,4,61?,5,6,7,alt2,1,19,30,29,2.6242
1,282,5,141?,0,1,2,alt1,1,19,30,29,2.6194
3,884,3,26?2,3,4,5,alt3,2,19,30,25,3.8659
3,213,8,17?4,9,0,1,alt2,2,19,30,27,4.0499
1,391,4,15?4,6,7,8,alt1,2,19,30,29,3.2859
4,327,6,19?2,4,5,6,alt3,2,19,30,24,4.2167
1,166,5,8?0,2,3,4,alt2,2,19,30,29,3.315
2,167,3,5?1,0,1,2,alt1,2,19,30,29,4.2552
2,168,2,3?6,1,2,3,alt3,2,19,30,27,3.4203
3,286,5,14?0,2,3,4,alt2,2,19,30,26,3.8494
5,297,9,26?3,7,8,9,alt1,2,19,30,20,5.1358
4,305,3,9?5,9,0,1,alt3,2,19,30,21,3.0471
6,299,8,2?92,2,3,4,alt2,3,19,30,17,5.4861
5,194,7,1?58,3,4,5,alt1,3,19,30,21,5.145
1,837,2,1?74,4,5,6,alt3,3,19,30,30,3.1949
7,259,7,1?13,7,8,9,alt2,3,19,30,12,5.0685
3,529,4,2?16,1,2,3,alt1,3,19,30,28,4.7936
6,217,6,1?02,1,2,3,alt3,3,19,30,11,3.7831
2,836,2,1?72,5,6,7,alt2,3,19,30,28,3.8164
3,265,6,1?90,5,6,7,alt1,3,19,30,27,4.3967
2,638,2,1?76,0,1,2,alt3,3,19,30,29,3.5983
1,512,3,1?36,4,5,6,alt2,3,19,30,29,3.2548
4,173,9,1?57,5,6,7,alt1,3,19,30,25,5.4428
2,505,4,2?20,8,9,0,alt3,3,19,30,28,3.577
1,522,3,1?66,4,5,6,alt2,3,19,30,29,3.2864
2,518,5,2?90,5,6,7,alt1,3,19,30,28,3.7067
2,592,2,1?84,9,0,1,alt3,3,19,30,28,3.7757
2,718,4,2?72,7,8,9,alt2,3,19,30,29,3.8891
2,946,2,1?92,8,9,0,alt1,3,19,30,29,3.4619
7,726,4,2?04,7,8,9,alt3,3,19,30,11,4.4164
3,329,5,1?45,5,6,7,alt2,3,19,30,26,3.752
4,476,6,2?56,8,9,0,alt1,3,19,30,25,4.78
5,261,9,2?49,1,2,3,alt3,3,19,30,19,4.7
4,322,9,2?98,7,8,9,alt2,3,19,30,23,3.9725
4,157,8,1?56,2,3,4,alt1,3,19,30,24,4.9053
2,719,3,2?57,9,0,1,alt3,3,19,30,29,3.8591
6,276,8,2?08,1,2,3,alt2,3,19,30,14,5.3657
5,281,13,36?3,5,6,7,alt1,5,19,30,19,4.2901
6,181,12,21?2,5,6,7,alt3,5,19,30,15,4.0693
6,208,12,24?6,8,9,0,alt2,5,19,30,16,4.1495
6,157,17,26?9,6,7,8,alt1,5,19,30,15,4.5121
5,146,15,21?0,7,8,9,alt3,5,19,30,16,3.8883
6,198,19,37?2,5,6,7,alt2,5,19,30,14,4.4011
6,226,12,27?2,1,2,3,alt1,5,19,30,14,4.1517
5,145,11,15?5,7,8,9,alt3,5,19,30,20,3.8141
6,269,13,34?7,8,9,0,alt2,5,19,30,14,3.9992
7,237,13,30?1,8,9,0,alt1,5,19,30,10,4.41
6,182,16,29?2,9,0,1,alt3,5,19,30,12,4.366
5,247,11,27?7,0,1,2,alt2,5,19,30,20,3.9138
3,121,13,15?3,7,8,9,alt1,5,19,30,24,3.4098
7,123,17,20?1,7,8,9,alt3,5,19,30,8,4.2127
5,257,13,33?1,3,4,5,alt2,5,19,30,19,3.6997
7,279,17,47?3,4,5,6,alt1,5,19,30,10,4.2051
6,139,16,22?4,0,1,2,alt3,5,19,30,12,4.1285
5,266,18,47?8,7,8,9,alt2,5,19,30,17,4.3691
6,224,14,31?6,3,4,5,alt1,5,19,30,13,4.3629
5,251,13,32?3,4,5,6,alt3,5,19,30,16,3.4026
1,287,3,86?,0,1,2,alt2,1,20,29,28,2.8532
1,107,4,42?,8,9,0,alt1,1,20,29,29,2.8988
1,307,3,92?,9,0,1,alt3,1,20,29,28,2.5779
1,923,3,276?,8,9,0,alt2,1,20,29,27,2.6967
1,492,5,246?,0,1,2,alt1,1,20,29,29,2.6822
3,376,5,18?0,6,7,8,alt3,2,20,29,24,3.9334
3,304,4,12?6,0,1,2,alt2,2,20,29,25,3.1032
3,256,7,17?2,9,0,1,alt1,2,20,29,24,4.127
4,749,4,29?6,7,8,9,alt3,2,20,29,20,3.8923
3,497,2,9?4,8,9,0,alt2,2,20,29,24,3.6612
1,402,6,24?2,1,2,3,alt1,2,20,29,28,3.1719
1,581,5,29?5,8,9,0,alt3,2,20,29,28,3.0373
1,207,4,8?8,1,2,3,alt2,2,20,29,29,3.5031
1,594,2,11?8,8,9,0,alt1,2,20,29,29,3.3857
2,458,6,27?8,2,3,4,alt3,2,20,29,28,3.9012
2,981,2,1?62,8,9,0,alt2,3,20,29,26,3.5281
5,164,7,1?48,1,2,3,alt1,3,20,29,20,5.0084
1,514,3,1?42,3,4,5,alt3,3,20,29,29,3.63
5,898,3,2?94,5,6,7,alt2,3,20,29,21,4.7871
3,367,4,1?68,4,5,6,alt1,3,20,29,26,4.3818
6,417,7,2?19,7,8,9,alt3,3,20,29,15,4.612
3,519,4,2?76,9,0,1,alt2,3,20,29,25,4.2977
2,418,5,2?90,0,1,2,alt1,3,20,29,27,3.6229
3,483,5,2?15,2,3,4,alt3,3,20,29,26,4.0843
2,805,2,1?10,5,6,7,alt2,3,20,29,27,3.132
3,454,3,1?62,3,4,5,alt1,3,20,29,26,3.8865
2,853,2,1?06,5,6,7,alt3,3,20,29,26,3.2948
1,623,2,1?46,1,2,3,alt2,3,20,29,29,2.9138
3,625,4,2?00,5,6,7,alt1,3,20,29,26,4.8917
2,591,5,2?55,7,8,9,alt3,3,20,29,28,3.8967
4,362,4,1?48,3,4,5,alt2,3,20,29,23,3.6678
4,895,2,1?90,7,8,9,alt1,3,20,29,23,3.9049
3,245,6,1?70,2,3,4,alt3,3,20,29,27,4.4935
2,951,3,2?53,7,8,9,alt2,3,20,29,26,3.6133
5,629,4,2?16,5,6,7,alt1,3,20,29,20,5.1878
1,301,8,2?08,2,3,4,alt3,3,20,29,29,2.8216
3,677,2,1?54,2,3,4,alt2,3,20,29,26,3.6987
2,912,3,2?36,7,8,9,alt1,3,20,29,27,3.0292
7,263,8,2?04,9,0,1,alt3,3,20,29,11,4.7703
2,305,8,2?40,3,4,5,alt2,3,20,29,28,3.909
5,125,19,23?5,7,8,9,alt1,5,20,29,17,4.1128
5,267,15,40?5,8,9,0,alt3,5,20,29,17,4.2898
4,179,12,21?8,3,4,5,alt2,5,20,29,20,3.9426
6,249,18,44?2,8,9,0,alt1,5,20,29,12,4.1886
3,105,11,11?5,3,4,5,alt3,5,20,29,25,3.563
5,243,17,41?1,2,3,4,alt2,5,20,29,19,3.9042
5,176,17,29?2,9,0,1,alt1,5,20,29,17,4.2123
5,159,15,23?5,6,7,8,alt3,5,20,29,18,4.299
5,146,14,20?4,3,4,5,alt2,5,20,29,19,4.2726
5,159,12,19?8,0,1,2,alt1,5,20,29,17,4.1841
6,279,18,50?2,0,1,2,alt3,5,20,29,15,4.5759
5,183,14,25?2,5,6,7,alt2,5,20,29,18,4.4981
5,254,12,30?8,4,5,6,alt1,5,20,29,17,3.8124
5,158,16,25?8,0,1,2,alt3,5,20,29,18,4.1922
6,123,14,17?2,1,2,3,alt2,5,20,29,15,4.0819
5,231,16,36?6,9,0,1,alt1,5,20,29,17,3.7778
5,248,14,34?2,5,6,7,alt3,5,20,29,16,4.0343
5,246,16,39?6,2,3,4,alt2,5,20,29,20,4.4916
6,293,14,41?2,0,1,2,alt1,5,20,29,14,4.1686
5,278,11,30?8,3,4,5,alt3,5,20,29,18,3.818
1,621,3,186?,2,3,4,alt2,1,21,28,27,2.5264
1,665,4,266?,0,1,2,alt1,1,21,28,27,2.5482
1,919,3,275?,5,6,7,alt3,1,21,28,27,2.9195
2,807,3,242?,0,1,2,alt2,1,21,28,26,2.8336
1,153,8,122?,4,5,6,alt1,1,21,28,28,2.476
1,811,2,16?2,0,1,2,alt3,2,21,28,28,2.6968
3,459,2,9?8,0,1,2,alt2,2,21,28,24,3.8477
3,347,4,13?8,8,9,0,alt1,2,21,28,25,3.8316
5,538,4,21?2,3,4,5,alt3,2,21,28,19,4.1517
4,193,6,11?8,4,5,6,alt2,2,21,28,20,3.6737
4,373,4,14?2,9,0,1,alt1,2,21,28,22,3.7993
1,511,3,15?3,1,2,3,alt3,2,21,28,28,2.6548
1,702,2,14?4,9,0,1,alt2,2,21,28,27,2.7559
1,341,4,13?4,6,7,8,alt1,2,21,28,27,2.9757
2,307,6,18?2,2,3,4,alt3,2,21,28,25,3.2069
4,463,6,2?78,6,7,8,alt2,3,21,28,21,4.3553
5,199,7,1?93,3,4,5,alt1,3,21,28,20,4.8218
1,422,3,1?66,0,1,2,alt3,3,21,28,27,3.2849
1,221,7,1?47,4,5,6,alt2,3,21,28,27,3.0268
2,328,5,1?40,6,7,8,alt1,3,21,28,26,3.9651
7,276,7,1?32,7,8,9,alt3,3,21,28,9,4.675
4,463,4,1?52,7,8,9,alt2,3,21,28,22,4.0999
4,582,5,2?10,9,0,1,alt1,3,21,28,20,3.9156
5,339,7,2?73,1,2,3,alt3,3,21,28,18,4.0424
6,437,6,2?22,5,6,7,alt2,3,21,28,15,4.3555
1,315,6,1?90,8,9,0,alt1,3,21,28,27,3.3667
6,168,6,1?08,8,9,0,alt3,3,21,28,14,4.5232
3,847,2,1?94,5,6,7,alt2,3,21,28,24,3.4838
5,329,7,2?03,3,4,5,alt1,3,21,28,20,5.0535
2,874,2,1?48,5,6,7,alt3,3,21,28,26,3.6427
1,863,2,1?26,6,7,8,alt2,3,21,28,28,3.3284
1,905,2,1?10,8,9,0,alt1,3,21,28,27,3.1495
3,372,4,1?88,2,3,4,alt3,3,21,28,24,3.7961
5,367,6,2?02,1,2,3,alt2,3,21,28,16,4.4939
4,535,4,2?40,1,2,3,alt1,3,21,28,22,3.8305
5,197,7,1?79,1,2,3,alt3,3,21,28,19,4.6334
6,293,7,2?51,9,0,1,alt2,3,21,28,14,5.0005
3,545,2,1?90,0,1,2,alt1,3,21,28,24,3.789
7,218,6,1?08,1,2,3,alt3,3,21,28,9,3.9447
5,894,3,2?82,5,6,7,alt2,3,21,28,16,4.6302
5,264,17,44?8,8,9,0,alt1,5,21,28,19,4.1802
5,131,12,15?2,5,6,7,alt3,5,21,28,18,3.5997
6,247,12,29?4,5,6,7,alt2,5,21,28,14,4.2237
7,138,19,26?2,2,3,4,alt1,5,21,28,7,4.337
3,177,11,19?7,2,3,4,alt3,5,21,28,23,3.6819
5,182,19,34?8,4,5,6,alt2,5,21,28,16,4.1821
5,212,12,25?4,4,5,6,alt1,5,21,28,19,4.0891
5,142,18,25?6,3,4,5,alt3,5,21,28,16,4.0973
4,212,11,23?2,2,3,4,alt2,5,21,28,22,3.4918
6,249,15,37?5,3,4,5,alt1,5,21,28,14,4.298
3,295,11,32?5,2,3,4,alt3,5,21,28,24,3.5411
5,195,13,25?5,2,3,4,alt2,5,21,28,15,3.9432
6,109,15,16?5,3,4,5,alt1,5,21,28,12,3.8331
5,188,19,35?2,5,6,7,alt3,5,21,28,19,4.3554
5,169,16,27?4,9,0,1,alt2,5,21,28,15,3.8323
5,221,15,33?5,1,2,3,alt1,5,21,28,15,3.7864
6,119,18,21?2,2,3,4,alt3,5,21,28,15,4.2189
5,189,15,28?5,2,3,4,alt2,5,21,28,16,4.3583
5,213,18,38?4,3,4,5,alt1,5,21,28,16,4.0569
6,147,16,23?2,3,4,5,alt3,5,21,28,14,3.9025
1,306,5,153?,9,0,1,alt2,1,22,28,28,2.6242
1,318,3,95?,4,5,6,alt1,1,22,28,28,2.6603
1,481,3,144?,1,2,3,alt3,1,22,28,28,2.5129
1,494,2,98?,7,8,9,alt2,1,22,28,28,2.6965
2,159,7,111?,3,4,5,alt1,1,22,28,26,3.0506
2,794,2,15?8,6,7,8,alt3,2,22,28,25,3.3464
3,299,7,20?3,8,9,0,alt2,2,22,28,24,4.4599
3,128,5,6?0,4,5,6,alt1,2,22,28,23,3.786
4,195,6,11?0,5,6,7,alt3,2,22,28,21,4.0157
2,415,4,16?0,5,6,7,alt2,2,22,28,27,3.7205
3,117,7,8?9,1,2,3,alt1,2,22,28,25,4.1638
4,302,7,21?4,9,0,1,alt3,2,22,28,19,3.0321
1,311,4,12?4,3,4,5,alt2,2,22,28,28,2.9241
3,309,6,18?4,5,6,7,alt1,2,22,28,23,4.0325
4,346,6,20?6,5,6,7,alt3,2,22,28,22,3.9591
1,724,2,1?48,3,4,5,alt2,3,22,28,28,2.7996
5,286,9,2?74,5,6,7,alt1,3,22,28,17,5.1271
4,234,8,1?72,6,7,8,alt3,3,22,28,24,4.8333
4,455,6,2?30,6,7,8,alt2,3,22,28,21,4.4648
1,512,4,2?48,0,1,2,alt1,3,22,28,28,3.0532
2,203,9,1?27,6,7,8,alt3,3,22,28,27,3.5807
7,384,6,2?04,2,3,4,alt2,3,22,28,12,5.0069
4,226,7,1?82,5,6,7,alt1,3,22,28,21,3.8017
4,362,7,2?34,3,4,5,alt3,3,22,28,21,4.6064
5,255,9,2?95,1,2,3,alt2,3,22,28,17,4.1442
2,838,2,1?76,6,7,8,alt1,3,22,28,26,3.5427
4,382,3,1?46,9,0,1,alt3,3,22,28,22,3.8102
4,877,3,2?31,5,6,7,alt2,3,22,28,20,4.5365
1,523,2,1?46,0,1,2,alt1,3,22,28,28,3.0131
3,549,3,1?47,4,5,6,alt3,3,22,28,23,4.0211
2,411,7,2?77,7,8,9,alt2,3,22,28,26,3.4979
2,944,3,2?32,8,9,0,alt1,3,22,28,26,3.805
2,614,4,2?56,2,3,4,alt3,3,22,28,27,3.4505
4,354,4,1?16,3,4,5,alt2,3,22,28,22,4.3002
3,324,6,1?44,9,0,1,alt1,3,22,28,25,3.9352
5,185,8,1?80,2,3,4,alt3,3,22,28,18,4.9878
5,292,9,2?28,5,6,7,alt2,3,22,28,20,5.016
5,334,7,2?38,3,4,5,alt1,3,22,28,19,4.4801
1,501,2,1?02,8,9,0,alt3,3,22,28,27,2.7171
2,661,4,2?44,5,6,7,alt2,3,22,28,27,3.8038
4,213,13,27?9,6,7,8,alt1,5,22,28,20,3.8631
5,109,14,15?6,0,1,2,alt3,5,22,28,17,4.4789
5,228,14,31?2,8,9,0,alt2,5,22,28,18,4.2799
5,153,12,18?6,3,4,5,alt1,5,22,28,16,3.5442
6,134,13,17?2,2,3,4,alt3,5,22,28,13,4.0328
6,192,13,24?6,8,9,0,alt2,5,22,28,15,4.1555
6,275,18,49?0,5,6,7,alt1,5,22,28,12,4.1663
6,102,17,17?4,1,2,3,alt3,5,22,28,13,3.6682
5,232,18,41?6,6,7,8,alt2,5,22,28,15,3.8153
6,244,17,41?8,4,5,6,alt1,5,22,28,15,4.0865
6,257,12,30?4,6,7,8,alt3,5,22,28,13,4.2031
1,103,13,13?9,2,3,4,alt2,5,22,28,27,3.2766
4,208,11,22?8,8,9,0,alt1,5,22,28,20,3.5193
5,165,19,31?5,1,2,3,alt3,5,22,28,17,4.4803
4,192,17,32?4,5,6,7,alt2,5,22,28,20,4.0826
7,274,19,52?6,0,1,2,alt1,5,22,28,11,4.4768
6,281,19,53?9,1,2,3,alt3,5,22,28,11,3.943
4,225,17,38?5,1,2,3,alt2,5,22,28,21,4.438
6,243,19,46?7,1,2,3,alt1,5,22,28,12,4.5588
5,214,17,36?8,1,2,3,alt3,5,22,28,16,4.25
1,921,3,276?,2,3,4,alt2,1,23,29,29,2.7539
1,639,3,191?,7,8,9,alt1,1,23,29,28,2.6763
1,962,2,192?,2,3,4,alt3,1,23,29,29,2.754
1,526,5,263?,9,0,1,alt2,1,23,29,29,2.6867
2,229,9,206?,1,2,3,alt1,1,23,29,27,2.8354
3,454,6,27?4,0,1,2,alt3,2,23,29,25,3.9427
2,188,6,11?8,1,2,3,alt2,2,23,29,28,4.5174
2,352,7,24?4,6,7,8,alt1,2,23,29,28,3.737
3,244,9,21?6,7,8,9,alt3,2,23,29,26,4.1982
2,507,3,15?1,1,2,3,alt2,2,23,29,27,3.4783
4,294,7,20?8,5,6,7,alt1,2,23,29,20,4.0658
3,107,6,6?2,2,3,4,alt3,2,23,29,26,3.9484
1,444,6,26?4,5,6,7,alt2,2,23,29,29,3.2585
1,691,3,20?3,7,8,9,alt1,2,23,29,28,3.2864
4,387,7,27?9,8,9,0,alt3,2,23,29,23,4.7127
7,139,9,1?51,1,2,3,alt2,3,23,29,10,4.8381
2,816,3,2?48,4,5,6,alt1,3,23,29,28,3.6673
3,253,5,1?65,0,1,2,alt3,3,23,29,26,3.8735
2,678,2,1?56,2,3,4,alt2,3,23,29,27,3.5903
2,363,5,1?15,8,9,0,alt1,3,23,29,27,4.2262
5,112,9,1?08,8,9,0,alt3,3,23,29,16,4.2412
4,541,5,2?05,6,7,8,alt2,3,23,29,22,3.665
3,272,4,1?88,0,1,2,alt1,3,23,29,27,4.3873
2,653,3,1?59,7,8,9,alt3,3,23,29,26,3.654
3,741,4,2?64,8,9,0,alt2,3,23,29,24,3.5999
2,291,5,1?55,4,5,6,alt1,3,23,29,27,3.7061
3,557,5,2?85,5,6,7,alt3,3,23,29,25,4.4889
2,406,3,1?18,1,2,3,alt2,3,23,29,26,3.2161
2,631,3,1?93,8,9,0,alt1,3,23,29,27,3.1316
2,745,2,1?90,2,3,4,alt3,3,23,29,28,3.8584
6,315,8,2?20,4,5,6,alt2,3,23,29,13,4.2554
1,704,2,1?08,4,5,6,alt1,3,23,29,28,2.972
5,256,8,2?48,8,9,0,alt3,3,23,29,21,4.9035
2,529,2,1?58,9,0,1,alt2,3,23,29,28,3.5779
2,365,4,1?60,4,5,6,alt1,3,23,29,28,4.0006
6,969,3,2?07,7,8,9,alt3,3,23,29,15,4.4326
1,923,2,1?46,7,8,9,alt2,3,23,29,28,3.1551
3,407,7,2?49,8,9,0,alt1,3,23,29,26,3.7584
1,411,3,1?33,0,1,2,alt3,3,23,29,28,2.8557
6,368,6,2?08,1,2,3,alt2,3,23,29,16,4.8101
4,277,11,30?7,4,5,6,alt1,5,23,29,20,4.013
6,166,18,29?8,6,7,8,alt3,5,23,29,16,4.8317
6,199,16,31?4,7,8,9,alt2,5,23,29,16,5.0902
5,232,12,27?4,8,9,0,alt1,5,23,29,20,4.4738
6,254,15,38?0,9,0,1,alt3,5,23,29,14,4.6576
5,205,16,32?0,7,8,9,alt2,5,23,29,20,4.3562
6,265,16,42?0,4,5,6,alt1,5,23,29,14,4.3586
6,209,14,29?6,0,1,2,alt3,5,23,29,15,4.4419
4,182,11,20?2,9,0,1,alt2,5,23,29,21,4.1044
7,137,16,21?2,9,0,1,alt1,5,23,29,11,4.7457
6,189,17,32?3,9,0,1,alt3,5,23,29,14,5.0066
5,206,19,39?4,0,1,2,alt2,5,23,29,20,4.3987
7,289,18,52?2,0,1,2,alt1,5,23,29,7,4.8751
6,132,15,19?0,6,7,8,alt3,5,23,29,12,4.3454
5,263,12,31?6,4,5,6,alt2,5,23,29,17,4.4475
6,138,15,20?0,7,8,9,alt1,5,23,29,15,4.3666
6,291,15,43?5,4,5,6,alt3,5,23,29,15,4.28
5,205,12,24?0,5,6,7,alt2,5,23,29,16,3.845
7,179,19,34?1,0,1,2,alt1,5,23,29,11,4.6739
6,295,15,44?5,0,1,2,alt3,5,23,29,15,4.301
1,357,7,249?,8,9,0,alt2,1,24,29,29,2.4949
1,381,5,190?,5,6,7,alt1,1,24,29,29,2.6157
1,574,4,229?,4,5,6,alt3,1,24,29,29,2.7989
2,185,9,166?,4,5,6,alt2,1,24,29,27,2.8101
1,665,2,133?,0,1,2,alt1,1,24,29,29,2.5398
3,283,4,11?2,1,2,3,alt3,2,24,29,24,4.019
2,431,6,25?6,7,8,9,alt2,2,24,29,27,3.2397
5,296,8,23?8,6,7,8,alt1,2,24,29,20,4.3447
2,255,3,7?5,4,5,6,alt3,2,24,29,26,3.0765
1,634,2,12?8,5,6,7,alt2,2,24,29,29,3.3804
2,796,2,15?2,9,0,1,alt1,2,24,29,27,3.8156
3,738,3,22?4,9,0,1,alt3,2,24,29,26,3.6834
2,452,3,13?6,4,5,6,alt2,2,24,29,27,3.0991
2,555,5,27?5,7,8,9,alt1,2,24,29,28,3.4579
2,283,5,14?5,9,0,1,alt3,2,24,29,28,4.0691
2,301,9,2?09,6,7,8,alt2,3,24,29,27,3.0361
2,232,5,1?60,1,2,3,alt1,3,24,29,28,3.914
2,556,5,2?80,5,6,7,alt3,3,24,29,27,4.0062
1,304,5,1?20,4,5,6,alt2,3,24,29,28,3.2832
3,473,4,1?92,8,9,0,alt1,3,24,29,25,4.1197
1,412,3,1?36,0,1,2,alt3,3,24,29,29,2.8964
4,378,5,1?90,7,8,9,alt2,3,24,29,24,4.4306
6,176,7,1?32,2,3,4,alt1,3,24,29,16,5.2822
4,144,8,1?52,9,0,1,alt3,3,24,29,22,4.4814
6,325,8,2?00,5,6,7,alt2,3,24,29,16,4.7274
3,456,6,2?36,7,8,9,alt1,3,24,29,26,4.2484
6,416,7,2?12,7,8,9,alt3,3,24,29,14,4.4491
2,699,2,1?98,2,3,4,alt2,3,24,29,27,3.5172
2,531,4,2?24,1,2,3,alt1,3,24,29,27,3.4906
5,172,9,1?48,3,4,5,alt3,3,24,29,19,4.781
2,823,2,1?46,5,6,7,alt2,3,24,29,27,3.003
3,992,3,2?76,9,0,1,alt1,3,24,29,25,3.8764
3,373,5,1?65,6,7,8,alt3,3,24,29,24,3.9151
4,348,6,2?88,9,0,1,alt2,3,24,29,23,4.5459
5,236,9,2?24,1,2,3,alt1,3,24,29,21,4.8288
2,243,5,1?15,0,1,2,alt3,3,24,29,28,3.7976
2,742,4,2?68,8,9,0,alt2,3,24,29,26,3.5749
3,768,3,2?04,3,4,5,alt1,3,24,29,27,4.515
4,353,7,2?71,2,3,4,alt3,3,24,29,23,4.4665
3,241,8,1?28,8,9,0,alt2,3,24,29,25,3.9553
5,236,12,28?2,3,4,5,alt1,5,24,29,18,3.9425
5,269,15,40?5,1,2,3,alt3,5,24,29,17,4.1661
5,226,15,33?0,8,9,0,alt2,5,24,29,17,4.256
5,127,16,20?2,3,4,5,alt1,5,24,29,19,4.5337
5,147,12,17?4,4,5,6,alt3,5,24,29,16,4.0571
5,219,11,24?9,9,0,1,alt2,5,24,29,16,3.5849
5,226,14,31?4,6,7,8,alt1,5,24,29,20,4.1825
6,288,12,34?6,3,4,5,alt3,5,24,29,15,3.8288
5,114,15,17?0,0,1,2,alt2,5,24,29,20,4.384
5,207,13,26?1,9,0,1,alt1,5,24,29,19,3.8703
6,169,19,32?1,9,0,1,alt3,5,24,29,12,4.507
5,139,18,25?2,9,0,1,alt2,5,24,29,19,4.3068
5,296,16,47?6,3,4,5,alt1,5,24,29,19,4.1653
6,269,16,43?4,8,9,0,alt3,5,24,29,13,4.1885
5,283,16,45?8,1,2,3,alt2,5,24,29,19,4.2301
5,132,13,17?6,1,2,3,alt1,5,24,29,19,3.9334
5,231,12,27?2,5,6,7,alt3,5,24,29,16,3.6463
5,172,12,20?4,5,6,7,alt2,5,24,29,19,3.6917
5,285,13,37?5,0,1,2,alt1,5,24,29,17,4.1456
5,266,13,34?8,3,4,5,alt3,5,24,29,16,3.9226
1,824,3,247?,1,2,3,alt2,1,25,29,29,2.7274
1,844,3,253?,2,3,4,alt1,1,25,29,29,2.6198
1,984,2,196?,6,7,8,alt3,1,25,29,29,2.577
1,551,5,275?,4,5,6,alt2,1,25,29,29,2.5583
1,408,4,163?,2,3,4,alt1,1,25,29,28,2.7096
3,568,5,28?0,2,3,4,alt3,2,25,29,24,3.8305
2,609,3,18?7,1,2,3,alt2,2,25,29,26,3.319
2,323,7,22?1,6,7,8,alt1,2,25,29,27,3.7044
3,312,8,24?6,7,8,9,alt3,2,25,29,23,3.2281
2,477,4,19?8,9,0,1,alt2,2,25,29,28,3.7798
1,629,2,12?8,5,6,7,alt1,2,25,29,28,3.2459
3,125,6,7?0,3,4,5,alt3,2,25,29,25,3.8672
2,214,5,10?0,6,7,8,alt2,2,25,29,28,3.4054
4,376,4,15?4,0,1,2,alt1,2,25,29,22,4.1593
1,294,2,5?8,6,7,8,alt3,2,25,29,29,3.2193
5,497,6,2?82,8,9,0,alt2,3,25,29,18,5.196
3,371,8,2?68,9,0,1,alt1,3,25,29,25,4.2467
2,509,4,2?36,8,9,0,alt3,3,25,29,27,3.861
1,702,4,2?08,7,8,9,alt2,3,25,29,29,3.1391
4,291,4,1?64,1,2,3,alt1,3,25,29,24,4.1732
7,375,7,2?25,4,5,6,alt3,3,25,29,11,4.8079
5,469,3,1?07,3,4,5,alt2,3,25,29,18,4.2385
4,367,7,2?69,5,6,7,alt1,3,25,29,23,4.6911
1,578,3,1?34,5,6,7,alt3,3,25,29,29,3.8809
7,278,8,2?24,1,2,3,alt2,3,25,29,7,4.9837
4,116,9,1?44,0,1,2,alt1,3,25,29,24,4.8216
1,857,2,1?14,5,6,7,alt3,3,25,29,29,3.4591
1,915,2,1?30,7,8,9,alt2,3,25,29,28,3.3155
2,988,3,2?64,9,0,1,alt1,3,25,29,29,4.4214
2,207,5,1?35,8,9,0,alt3,3,25,29,27,3.4732
2,385,3,1?55,0,1,2,alt2,3,25,29,28,4.17
2,376,3,1?28,1,2,3,alt1,3,25,29,27,4.1628
3,365,6,2?90,9,0,1,alt3,3,25,29,25,4.3728
2,731,3,2?93,0,1,2,alt2,3,25,29,27,3.2563
3,386,5,1?30,9,0,1,alt1,3,25,29,25,4.305
3,466,5,2?30,1,2,3,alt3,3,25,29,26,4.1403
3,221,5,1?05,0,1,2,alt2,3,25,29,25,3.0688
1,877,2,1?54,7,8,9,alt1,3,25,29,29,3.6674
2,856,2,1?12,5,6,7,alt3,3,25,29,28,3.5532
2,333,4,1?32,2,3,4,alt2,3,25,29,28,3.4788
5,144,16,23?4,0,1,2,alt1,5,25,29,18,3.9847
6,196,16,31?6,1,2,3,alt3,5,25,29,13,4.5033
4,211,15,31?5,5,6,7,alt2,5,25,29,22,3.6271
5,227,11,24?7,9,0,1,alt1,5,25,29,19,3.6504
5,142,19,26?8,7,8,9,alt3,5,25,29,16,4.1553
5,242,19,45?8,8,9,0,alt2,5,25,29,20,4.2531
3,215,11,23?5,6,7,8,alt1,5,25,29,25,3.6578
5,141,14,19?4,5,6,7,alt3,5,25,29,18,3.7321
5,233,16,37?8,1,2,3,alt2,5,25,29,20,4.3668
6,227,19,43?3,1,2,3,alt1,5,25,29,13,4.9276
5,163,14,22?2,6,7,8,alt3,5,25,29,17,3.9719
4,236,14,33?4,9,0,1,alt2,5,25,29,21,4.2314
6,268,19,50?2,9,0,1,alt1,5,25,29,15,4.6854
4,198,11,21?8,5,6,7,alt3,5,25,29,21,4.2519
5,165,17,28?5,9,0,1,alt2,5,25,29,20,4.8324
5,234,15,35?0,1,2,3,alt1,5,25,29,17,4.202
4,251,15,37?5,4,5,6,alt3,5,25,29,22,4.4518
5,162,15,24?0,2,3,4,alt2,5,25,29,20,4.1915
6,299,15,44?5,8,9,0,alt1,5,25,29,16,4.3491
5,299,19,56?1,6,7,8,alt3,5,25,29,20,4.5104
1,101,3,30?,2,3,4,alt2,1,NaN,NaN,NaN,NaN
1,104,5,52?,0,1,2,alt1,1,NaN,NaN,NaN,NaN
1,106,5,53?,8,9,0,alt3,1,NaN,NaN,NaN,NaN
1,107,3,32?,0,1,2,alt2,1,NaN,NaN,NaN,NaN
1,109,3,32?,7,8,9,alt1,1,NaN,NaN,NaN,NaN
1,111,3,33?,1,2,3,alt3,1,NaN,NaN,NaN,NaN
1,112,4,44?,7,8,9,alt2,1,NaN,NaN,NaN,NaN
1,113,3,33?,9,0,1,alt1,1,NaN,NaN,NaN,NaN
1,117,2,23?,2,3,4,alt3,1,NaN,NaN,NaN,NaN
1,119,3,35?,6,7,8,alt2,1,NaN,NaN,NaN,NaN
1,121,3,36?,3,4,5,alt1,1,NaN,NaN,NaN,NaN
1,121,5,60?,3,4,5,alt3,1,NaN,NaN,NaN,NaN
1,123,3,36?,8,9,0,alt2,1,NaN,NaN,NaN,NaN
1,125,3,37?,5,6,7,alt1,1,NaN,NaN,NaN,NaN
1,129,3,38?,5,6,7,alt3,1,NaN,NaN,NaN,NaN
1,129,4,51?,5,6,7,alt2,1,NaN,NaN,NaN,NaN
1,129,5,64?,5,6,7,alt1,1,NaN,NaN,NaN,NaN
1,131,5,65?,3,4,5,alt3,1,NaN,NaN,NaN,NaN
1,132,3,39?,5,6,7,alt2,1,NaN,NaN,NaN,NaN
1,132,4,52?,8,9,0,alt1,1,NaN,NaN,NaN,NaN
1,133,3,39?,7,8,9,alt3,1,NaN,NaN,NaN,NaN
1,133,5,66?,4,5,6,alt2,1,NaN,NaN,NaN,NaN
1,137,3,41?,1,2,3,alt1,1,NaN,NaN,NaN,NaN
1,139,3,41?,5,6,7,alt3,1,NaN,NaN,NaN,NaN
1,141,2,28?,1,2,3,alt2,1,NaN,NaN,NaN,NaN
1,141,3,42?,3,4,5,alt1,1,NaN,NaN,NaN,NaN
1,141,5,70?,3,4,5,alt3,1,NaN,NaN,NaN,NaN
1,143,4,57?,1,2,3,alt2,1,NaN,NaN,NaN,NaN
1,147,3,44?,1,2,3,alt1,1,NaN,NaN,NaN,NaN
1,149,3,44?,5,6,7,alt3,1,NaN,NaN,NaN,NaN
1,151,3,45?,2,3,4,alt2,1,NaN,NaN,NaN,NaN
1,152,5,76?,0,1,2,alt1,1,NaN,NaN,NaN,NaN
1,153,3,45?,7,8,9,alt3,1,NaN,NaN,NaN,NaN
1,155,2,31?,9,0,1,alt2,1,NaN,NaN,NaN,NaN
1,156,3,46?,8,9,0,alt1,1,NaN,NaN,NaN,NaN
1,157,3,47?,9,0,1,alt3,1,NaN,NaN,NaN,NaN
1,157,5,78?,4,5,6,alt2,1,NaN,NaN,NaN,NaN
1,158,4,63?,2,3,4,alt1,1,NaN,NaN,NaN,NaN
1,158,5,79?,8,9,0,alt3,1,NaN,NaN,NaN,NaN
1,159,3,47?,6,7,8,alt2,1,NaN,NaN,NaN,NaN
1,161,3,48?,3,4,5,alt1,1,NaN,NaN,NaN,NaN
1,162,4,64?,6,7,8,alt3,1,NaN,NaN,NaN,NaN
1,163,4,65?,1,2,3,alt2,1,NaN,NaN,NaN,NaN
1,164,2,32?,8,9,0,alt1,1,NaN,NaN,NaN,NaN
1,165,4,66?,8,9,0,alt3,1,NaN,NaN,NaN,NaN
1,172,2,34?,3,4,5,alt2,1,NaN,NaN,NaN,NaN
1,175,2,35?,0,1,2,alt1,1,NaN,NaN,NaN,NaN
1,176,4,70?,2,3,4,alt3,1,NaN,NaN,NaN,NaN
1,177,3,53?,0,1,2,alt2,1,NaN,NaN,NaN,NaN
1,178,4,71?,2,3,4,alt1,1,NaN,NaN,NaN,NaN
1,182,4,72?,6,7,8,alt3,1,NaN,NaN,NaN,NaN
1,183,3,54?,8,9,0,alt2,1,NaN,NaN,NaN,NaN
1,187,5,93?,5,6,7,alt1,1,NaN,NaN,NaN,NaN
1,188,4,75?,0,1,2,alt3,1,NaN,NaN,NaN,NaN
1,189,3,56?,6,7,8,alt2,1,NaN,NaN,NaN,NaN
1,194,3,58?,2,3,4,alt1,1,NaN,NaN,NaN,NaN
1,196,3,58?,6,7,8,alt3,1,NaN,NaN,NaN,NaN
1,197,2,39?,3,4,5,alt2,1,NaN,NaN,NaN,NaN
1,199,3,59?,7,8,9,alt1,1,NaN,NaN,NaN,NaN
1,201,3,60?,1,2,3,alt3,1,NaN,NaN,NaN,NaN
1,203,3,60?,8,9,0,alt2,1,NaN,NaN,NaN,NaN
1,205,2,41?,0,1,2,alt1,1,NaN,NaN,NaN,NaN
1,208,4,83?,0,1,2,alt3,1,NaN,NaN,NaN,NaN
1,209,3,62?,6,7,8,alt2,1,NaN,NaN,NaN,NaN
1,213,2,42?,6,7,8,alt1,1,NaN,NaN,NaN,NaN
1,215,3,64?,3,4,5,alt3,1,NaN,NaN,NaN,NaN
1,217,2,43?,3,4,5,alt2,1,NaN,NaN,NaN,NaN
1,217,3,65?,1,2,3,alt1,1,NaN,NaN,NaN,NaN
1,221,3,66?,1,2,3,alt3,1,NaN,NaN,NaN,NaN
1,222,3,66?,5,6,7,alt2,1,NaN,NaN,NaN,NaN
1,224,3,67?,2,3,4,alt1,1,NaN,NaN,NaN,NaN
1,224,5,112?,8,9,0,alt3,1,NaN,NaN,NaN,NaN
1,227,4,90?,7,8,9,alt2,1,NaN,NaN,NaN,NaN
1,231,3,69?,3,4,5,alt1,1,NaN,NaN,NaN,NaN
1,232,4,92?,6,7,8,alt3,1,NaN,NaN,NaN,NaN
1,233,3,69?,8,9,0,alt2,1,NaN,NaN,NaN,NaN
1,233,5,116?,5,6,7,alt1,1,NaN,NaN,NaN,NaN
1,237,5,118?,3,4,5,alt3,1,NaN,NaN,NaN,NaN
1,238,2,47?,5,6,7,alt2,1,NaN,NaN,NaN,NaN
1,239,3,71?,7,8,9,alt1,1,NaN,NaN,NaN,NaN
1,243,2,48?,4,5,6,alt3,1,NaN,NaN,NaN,NaN
1,243,3,72?,8,9,0,alt2,1,NaN,NaN,NaN,NaN
1,246,4,98?,4,5,6,alt1,1,NaN,NaN,NaN,NaN
1,247,3,74?,9,0,1,alt3,1,NaN,NaN,NaN,NaN
1,249,3,74?,6,7,8,alt2,1,NaN,NaN,NaN,NaN
1,251,2,50?,2,3,4,alt1,1,NaN,NaN,NaN,NaN
1,251,3,75?,1,2,3,alt3,1,NaN,NaN,NaN,NaN
1,253,3,75?,8,9,0,alt2,1,NaN,NaN,NaN,NaN
1,254,5,127?,0,1,2,alt1,1,NaN,NaN,NaN,NaN
1,255,4,102?,8,9,0,alt3,1,NaN,NaN,NaN,NaN
1,257,5,128?,4,5,6,alt2,1,NaN,NaN,NaN,NaN
1,261,2,52?,2,3,4,alt1,1,NaN,NaN,NaN,NaN
1,261,3,78?,1,2,3,alt3,1,NaN,NaN,NaN,NaN
1,262,2,52?,3,4,5,alt2,1,NaN,NaN,NaN,NaN
1,262,5,131?,0,1,2,alt1,1,NaN,NaN,NaN,NaN
1,263,3,78?,7,8,9,alt3,1,NaN,NaN,NaN,NaN
1,266,2,53?,1,2,3,alt2,1,NaN,NaN,NaN,NaN
1,267,3,80?,1,2,3,alt1,1,NaN,NaN,NaN,NaN
1,269,3,80?,5,6,7,alt3,1,NaN,NaN,NaN,NaN
1,271,2,54?,1,2,3,alt2,1,NaN,NaN,NaN,NaN
1,274,5,137?,0,1,2,alt1,1,NaN,NaN,NaN,NaN
1,277,3,83?,9,0,1,alt3,1,NaN,NaN,NaN,NaN
1,278,5,139?,9,0,1,alt2,1,NaN,NaN,NaN,NaN
1,279,3,83?,7,8,9,alt1,1,NaN,NaN,NaN,NaN
1,281,2,56?,0,1,2,alt3,1,NaN,NaN,NaN,NaN
1,282,4,112?,7,8,9,alt2,1,NaN,NaN,NaN,NaN
1,283,3,84?,9,0,1,alt1,1,NaN,NaN,NaN,NaN
1,285,2,57?,8,9,0,alt3,1,NaN,NaN,NaN,NaN
1,285,5,142?,4,5,6,alt2,1,NaN,NaN,NaN,NaN
1,287,5,143?,5,6,7,alt1,1,NaN,NaN,NaN,NaN
1,289,3,86?,5,6,7,alt3,1,NaN,NaN,NaN,NaN
1,291,3,87?,2,3,4,alt2,1,NaN,NaN,NaN,NaN
1,292,2,58?,4,5,6,alt1,1,NaN,NaN,NaN,NaN
1,294,4,117?,4,5,6,alt3,1,NaN,NaN,NaN,NaN
1,297,3,89?,0,1,2,alt2,1,NaN,NaN,NaN,NaN
1,298,5,149?,0,1,2,alt1,1,NaN,NaN,NaN,NaN
1,301,4,120?,2,3,4,alt3,1,NaN,NaN,NaN,NaN
1,303,2,60?,5,6,7,alt2,1,NaN,NaN,NaN,NaN
1,303,3,90?,9,0,1,alt1,1,NaN,NaN,NaN,NaN
1,306,2,61?,0,1,2,alt3,1,NaN,NaN,NaN,NaN
1,309,2,61?,7,8,9,alt2,1,NaN,NaN,NaN,NaN
1,311,5,155?,5,6,7,alt1,1,NaN,NaN,NaN,NaN
1,316,5,158?,8,9,0,alt3,1,NaN,NaN,NaN,NaN
1,317,3,95?,0,1,2,alt2,1,NaN,NaN,NaN,NaN
1,319,3,95?,7,8,9,alt1,1,NaN,NaN,NaN,NaN
1,321,3,96?,1,2,3,alt3,1,NaN,NaN,NaN,NaN
1,323,3,96?,8,9,0,alt2,1,NaN,NaN,NaN,NaN
1,323,5,161?,5,6,7,alt1,1,NaN,NaN,NaN,NaN
1,324,4,129?,4,5,6,alt3,1,NaN,NaN,NaN,NaN
1,324,5,162?,9,0,1,alt2,1,NaN,NaN,NaN,NaN
1,325,3,97?,5,6,7,alt1,1,NaN,NaN,NaN,NaN
1,327,2,65?,2,3,4,alt3,1,NaN,NaN,NaN,NaN
1,327,3,98?,0,1,2,alt2,1,NaN,NaN,NaN,NaN
1,328,4,131?,2,3,4,alt1,1,NaN,NaN,NaN,NaN
1,329,3,98?,5,6,7,alt3,1,NaN,NaN,NaN,NaN
1,331,3,99?,2,3,4,alt2,1,NaN,NaN,NaN,NaN
1,331,4,132?,4,5,6,alt1,1,NaN,NaN,NaN,NaN
1,331,5,165?,3,4,5,alt3,1,NaN,NaN,NaN,NaN
1,333,3,99?,8,9,0,alt2,1,NaN,NaN,NaN,NaN
1,335,2,67?,0,1,2,alt1,1,NaN,NaN,NaN,NaN
1,335,4,134?,8,9,0,alt3,1,NaN,NaN,NaN,NaN
1,337,4,134?,7,8,9,alt2,1,NaN,NaN,NaN,NaN
1,337,5,168?,5,6,7,alt1,1,NaN,NaN,NaN,NaN
1,345,2,69?,8,9,0,alt3,1,NaN,NaN,NaN,NaN
1,346,4,138?,3,4,5,alt2,1,NaN,NaN,NaN,NaN
1,347,2,69?,4,5,6,alt1,1,NaN,NaN,NaN,NaN
1,349,3,104?,5,6,7,alt3,1,NaN,NaN,NaN,NaN
1,351,2,70?,1,2,3,alt2,1,NaN,NaN,NaN,NaN
1,353,4,141?,2,3,4,alt1,1,NaN,NaN,NaN,NaN
1,355,3,106?,3,4,5,alt3,1,NaN,NaN,NaN,NaN
1,357,2,71?,3,4,5,alt2,1,NaN,NaN,NaN,NaN
1,358,2,71?,6,7,8,alt1,1,NaN,NaN,NaN,NaN
1,361,4,144?,2,3,4,alt3,1,NaN,NaN,NaN,NaN
1,363,2,72?,5,6,7,alt2,1,NaN,NaN,NaN,NaN
1,365,5,182?,5,6,7,alt1,1,NaN,NaN,NaN,NaN
1,368,2,73?,4,5,6,alt3,1,NaN,NaN,NaN,NaN
1,369,3,110?,6,7,8,alt2,1,NaN,NaN,NaN,NaN
1,369,5,184?,5,6,7,alt1,1,NaN,NaN,NaN,NaN
1,371,4,148?,2,3,4,alt3,1,NaN,NaN,NaN,NaN
1,377,5,188?,4,5,6,alt2,1,NaN,NaN,NaN,NaN
1,381,3,114?,3,4,5,alt1,1,NaN,NaN,NaN,NaN
1,382,2,76?,2,3,4,alt3,1,NaN,NaN,NaN,NaN
1,385,2,77?,9,0,1,alt2,1,NaN,NaN,NaN,NaN
1,387,3,116?,1,2,3,alt1,1,NaN,NaN,NaN,NaN
1,387,5,193?,3,4,5,alt3,1,NaN,NaN,NaN,NaN
1,389,3,116?,6,7,8,alt2,1,NaN,NaN,NaN,NaN
1,391,2,78?,2,3,4,alt1,1,NaN,NaN,NaN,NaN
1,393,3,117?,7,8,9,alt3,1,NaN,NaN,NaN,NaN
1,393,4,157?,1,2,3,alt2,1,NaN,NaN,NaN,NaN
1,394,2,78?,8,9,0,alt1,1,NaN,NaN,NaN,NaN
1,397,3,119?,9,0,1,alt3,1,NaN,NaN,NaN,NaN
1,399,5,199?,4,5,6,alt2,1,NaN,NaN,NaN,NaN
1,402,3,120?,6,7,8,alt1,1,NaN,NaN,NaN,NaN
1,403,3,120?,7,8,9,alt3,1,NaN,NaN,NaN,NaN
1,403,4,161?,1,2,3,alt2,1,NaN,NaN,NaN,NaN
1,404,2,80?,8,9,0,alt1,1,NaN,NaN,NaN,NaN
1,405,2,81?,8,9,0,alt3,1,NaN,NaN,NaN,NaN
1,407,3,122?,0,1,2,alt2,1,NaN,NaN,NaN,NaN
1,409,3,122?,7,8,9,alt1,1,NaN,NaN,NaN,NaN
1,417,3,125?,9,0,1,alt3,1,NaN,NaN,NaN,NaN
1,421,3,126?,2,3,4,alt2,1,NaN,NaN,NaN,NaN
1,423,3,126?,9,0,1,alt1,1,NaN,NaN,NaN,NaN
1,427,2,85?,2,3,4,alt3,1,NaN,NaN,NaN,NaN
1,431,3,129?,2,3,4,alt2,1,NaN,NaN,NaN,NaN
1,433,3,129?,9,0,1,alt1,1,NaN,NaN,NaN,NaN
1,434,3,130?,0,1,2,alt3,1,NaN,NaN,NaN,NaN
1,435,2,87?,9,0,1,alt2,1,NaN,NaN,NaN,NaN
1,435,3,130?,5,6,7,alt1,1,NaN,NaN,NaN,NaN
1,436,3,130?,6,7,8,alt3,1,NaN,NaN,NaN,NaN
1,437,3,131?,0,1,2,alt2,1,NaN,NaN,NaN,NaN
1,439,2,87?,8,9,0,alt1,1,NaN,NaN,NaN,NaN
1,439,3,131?,5,6,7,alt3,1,NaN,NaN,NaN,NaN
1,443,3,132?,8,9,0,alt2,1,NaN,NaN,NaN,NaN
1,444,3,133?,2,3,4,alt1,1,NaN,NaN,NaN,NaN
1,449,2,89?,6,7,8,alt3,1,NaN,NaN,NaN,NaN
1,449,3,134?,6,7,8,alt2,1,NaN,NaN,NaN,NaN
1,453,2,90?,6,7,8,alt1,1,NaN,NaN,NaN,NaN
1,453,3,135?,7,8,9,alt3,1,NaN,NaN,NaN,NaN
1,454,4,181?,5,6,7,alt2,1,NaN,NaN,NaN,NaN
1,459,3,137?,7,8,9,alt1,1,NaN,NaN,NaN,NaN
1,461,3,138?,1,2,3,alt3,1,NaN,NaN,NaN,NaN
1,467,2,93?,3,4,5,alt2,1,NaN,NaN,NaN,NaN
1,467,3,140?,1,2,3,alt1,1,NaN,NaN,NaN,NaN
1,473,3,141?,7,8,9,alt3,1,NaN,NaN,NaN,NaN
1,475,2,95?,9,0,1,alt2,1,NaN,NaN,NaN,NaN
1,477,3,143?,1,2,3,alt1,1,NaN,NaN,NaN,NaN
1,479,3,143?,5,6,7,alt3,1,NaN,NaN,NaN,NaN
1,485,4,194?,9,0,1,alt2,1,NaN,NaN,NaN,NaN
1,487,3,146?,1,2,3,alt1,1,NaN,NaN,NaN,NaN
1,489,4,195?,4,5,6,alt3,1,NaN,NaN,NaN,NaN
1,491,3,147?,2,3,4,alt2,1,NaN,NaN,NaN,NaN
1,495,3,148?,5,6,7,alt1,1,NaN,NaN,NaN,NaN
1,497,3,149?,9,0,1,alt3,1,NaN,NaN,NaN,NaN
1,498,4,199?,1,2,3,alt2,1,NaN,NaN,NaN,NaN
1,501,3,150?,3,4,5,alt1,1,NaN,NaN,NaN,NaN
1,503,3,150?,7,8,9,alt3,1,NaN,NaN,NaN,NaN
1,506,3,151?,7,8,9,alt2,1,NaN,NaN,NaN,NaN
1,508,3,152?,4,5,6,alt1,1,NaN,NaN,NaN,NaN
1,509,3,152?,5,6,7,alt3,1,NaN,NaN,NaN,NaN
1,513,2,102?,5,6,7,alt2,1,NaN,NaN,NaN,NaN
1,517,3,155?,1,2,3,alt1,1,NaN,NaN,NaN,NaN
1,525,3,157?,3,4,5,alt3,1,NaN,NaN,NaN,NaN
1,531,3,159?,2,3,4,alt2,1,NaN,NaN,NaN,NaN
1,533,2,106?,6,7,8,alt1,1,NaN,NaN,NaN,NaN
1,537,3,161?,9,0,1,alt3,1,NaN,NaN,NaN,NaN
1,538,2,107?,5,6,7,alt2,1,NaN,NaN,NaN,NaN
1,539,3,161?,7,8,9,alt1,1,NaN,NaN,NaN,NaN
1,541,3,162?,1,2,3,alt3,1,NaN,NaN,NaN,NaN
1,542,3,162?,5,6,7,alt2,1,NaN,NaN,NaN,NaN
1,547,3,164?,1,2,3,alt1,1,NaN,NaN,NaN,NaN
1,549,2,109?,6,7,8,alt3,1,NaN,NaN,NaN,NaN
1,551,3,165?,2,3,4,alt2,1,NaN,NaN,NaN,NaN
1,555,3,166?,5,6,7,alt1,1,NaN,NaN,NaN,NaN
1,557,2,111?,2,3,4,alt3,1,NaN,NaN,NaN,NaN
1,561,3,168?,2,3,4,alt2,1,NaN,NaN,NaN,NaN
1,563,3,168?,9,0,1,alt1,1,NaN,NaN,NaN,NaN
1,569,3,170?,5,6,7,alt3,1,NaN,NaN,NaN,NaN
1,571,3,171?,2,3,4,alt2,1,NaN,NaN,NaN,NaN
1,577,3,173?,1,2,3,alt1,1,NaN,NaN,NaN,NaN
1,579,2,115?,6,7,8,alt3,1,NaN,NaN,NaN,NaN
1,579,3,173?,6,7,8,alt2,1,NaN,NaN,NaN,NaN
1,583,2,116?,6,7,8,alt1,1,NaN,NaN,NaN,NaN
1,583,3,174?,7,8,9,alt3,1,NaN,NaN,NaN,NaN
1,586,3,175?,7,8,9,alt2,1,NaN,NaN,NaN,NaN
1,587,3,176?,1,2,3,alt1,1,NaN,NaN,NaN,NaN
1,589,3,176?,5,6,7,alt3,1,NaN,NaN,NaN,NaN
1,591,3,177?,2,3,4,alt2,1,NaN,NaN,NaN,NaN
1,601,3,180?,3,4,5,alt1,1,NaN,NaN,NaN,NaN
1,602,3,180?,4,5,6,alt3,1,NaN,NaN,NaN,NaN
1,603,3,180?,8,9,0,alt2,1,NaN,NaN,NaN,NaN
1,607,3,182?,1,2,3,alt1,1,NaN,NaN,NaN,NaN
1,611,3,183?,1,2,3,alt3,1,NaN,NaN,NaN,NaN
1,613,3,183?,8,9,0,alt2,1,NaN,NaN,NaN,NaN
1,617,3,185?,1,2,3,alt1,1,NaN,NaN,NaN,NaN
1,623,3,186?,7,8,9,alt3,1,NaN,NaN,NaN,NaN
1,626,3,187?,7,8,9,alt2,1,NaN,NaN,NaN,NaN
1,627,3,188?,1,2,3,alt1,1,NaN,NaN,NaN,NaN
1,629,3,188?,5,6,7,alt3,1,NaN,NaN,NaN,NaN
1,633,3,189?,8,9,0,alt2,1,NaN,NaN,NaN,NaN
1,637,2,127?,4,5,6,alt1,1,NaN,NaN,NaN,NaN
1,643,3,192?,7,8,9,alt3,1,NaN,NaN,NaN,NaN
1,644,2,128?,7,8,9,alt2,1,NaN,NaN,NaN,NaN
1,646,3,193?,8,9,0,alt1,1,NaN,NaN,NaN,NaN
1,647,3,194?,9,0,1,alt3,1,NaN,NaN,NaN,NaN
1,648,2,129?,5,6,7,alt2,1,NaN,NaN,NaN,NaN
1,651,3,195?,3,4,5,alt1,1,NaN,NaN,NaN,NaN
1,652,2,130?,2,3,4,alt3,1,NaN,NaN,NaN,NaN
1,654,2,130?,7,8,9,alt2,1,NaN,NaN,NaN,NaN
1,655,3,196?,5,6,7,alt1,1,NaN,NaN,NaN,NaN
1,658,3,197?,2,3,4,alt3,1,NaN,NaN,NaN,NaN
1,661,3,198?,2,3,4,alt2,1,NaN,NaN,NaN,NaN
1,663,3,198?,9,0,1,alt1,1,NaN,NaN,NaN,NaN
1,664,2,132?,6,7,8,alt3,1,NaN,NaN,NaN,NaN
1,666,2,133?,1,2,3,alt2,1,NaN,NaN,NaN,NaN
1,666,3,199?,8,9,0,alt1,1,NaN,NaN,NaN,NaN
1,667,2,133?,2,3,4,alt3,1,NaN,NaN,NaN,NaN
1,705,2,141?,9,0,1,alt2,1,NaN,NaN,NaN,NaN
1,706,2,141?,2,3,4,alt1,1,NaN,NaN,NaN,NaN
1,711,2,142?,0,1,2,alt3,1,NaN,NaN,NaN,NaN
1,735,2,147?,9,0,1,alt2,1,NaN,NaN,NaN,NaN
1,756,2,151?,2,3,4,alt1,1,NaN,NaN,NaN,NaN
1,778,2,155?,4,5,6,alt3,1,NaN,NaN,NaN,NaN
1,795,2,159?,9,0,1,alt2,1,NaN,NaN,NaN,NaN
1,798,2,159?,6,7,8,alt1,1,NaN,NaN,NaN,NaN
1,808,2,161?,4,5,6,alt3,1,NaN,NaN,NaN,NaN
1,827,2,165?,3,4,5,alt2,1,NaN,NaN,NaN,NaN
1,828,2,165?,6,7,8,alt1,1,NaN,NaN,NaN,NaN
1,842,2,168?,2,3,4,alt3,1,NaN,NaN,NaN,NaN
1,848,2,169?,5,6,7,alt2,1,NaN,NaN,NaN,NaN
1,878,2,175?,6,7,8,alt1,1,NaN,NaN,NaN,NaN
1,879,2,175?,6,7,8,alt3,1,NaN,NaN,NaN,NaN
1,885,2,177?,9,0,1,alt2,1,NaN,NaN,NaN,NaN
1,909,2,181?,8,9,0,alt1,1,NaN,NaN,NaN,NaN
1,916,2,183?,0,1,2,alt3,1,NaN,NaN,NaN,NaN
1,932,2,186?,3,4,5,alt2,1,NaN,NaN,NaN,NaN
1,937,2,187?,4,5,6,alt1,1,NaN,NaN,NaN,NaN
1,971,2,194?,0,1,2,alt3,1,NaN,NaN,NaN,NaN
1,972,2,194?,3,4,5,alt2,1,NaN,NaN,NaN,NaN
1,973,2,194?,6,7,8,alt1,1,NaN,NaN,NaN,NaN
1,974,2,194?,6,7,8,alt3,1,NaN,NaN,NaN,NaN
7,112,15,1?80,5,6,7,alt2,6,NaN,NaN,NaN,NaN
7,113,17,1?21,9,0,1,alt1,6,NaN,NaN,NaN,NaN
7,113,19,2?47,9,0,1,alt3,6,NaN,NaN,NaN,NaN
7,114,12,1?68,2,3,4,alt2,6,NaN,NaN,NaN,NaN
7,114,13,1?82,4,5,6,alt1,6,NaN,NaN,NaN,NaN
7,115,12,1?80,1,2,3,alt3,6,NaN,NaN,NaN,NaN
7,115,17,1?55,8,9,0,alt2,6,NaN,NaN,NaN,NaN
7,116,12,1?92,3,4,5,alt1,6,NaN,NaN,NaN,NaN
7,116,13,1?08,3,4,5,alt3,6,NaN,NaN,NaN,NaN
7,117,17,1?89,8,9,0,alt2,6,NaN,NaN,NaN,NaN
7,118,16,1?88,8,9,0,alt1,6,NaN,NaN,NaN,NaN
7,118,18,2?24,9,0,1,alt3,6,NaN,NaN,NaN,NaN
7,123,18,2?14,1,2,3,alt2,6,NaN,NaN,NaN,NaN
7,126,18,2?68,2,3,4,alt1,6,NaN,NaN,NaN,NaN
7,129,15,1?35,7,8,9,alt3,6,NaN,NaN,NaN,NaN
7,129,17,2?93,0,1,2,alt2,6,NaN,NaN,NaN,NaN
7,129,19,2?51,4,5,6,alt1,6,NaN,NaN,NaN,NaN
7,131,19,2?89,2,3,4,alt3,6,NaN,NaN,NaN,NaN
7,133,13,1?29,6,7,8,alt2,6,NaN,NaN,NaN,NaN
7,133,14,1?62,8,9,0,alt1,6,NaN,NaN,NaN,NaN
7,133,19,2?27,3,4,5,alt3,6,NaN,NaN,NaN,NaN
7,134,18,2?12,3,4,5,alt2,6,NaN,NaN,NaN,NaN
7,134,19,2?46,5,6,7,alt1,6,NaN,NaN,NaN,NaN
7,135,19,2?65,3,4,5,alt3,6,NaN,NaN,NaN,NaN
7,136,12,1?32,5,6,7,alt2,6,NaN,NaN,NaN,NaN
7,137,17,2?29,3,4,5,alt1,6,NaN,NaN,NaN,NaN
7,138,14,1?32,7,8,9,alt3,6,NaN,NaN,NaN,NaN
7,138,16,2?08,1,2,3,alt2,6,NaN,NaN,NaN,NaN
7,141,16,2?56,2,3,4,alt1,6,NaN,NaN,NaN,NaN
7,142,15,2?30,9,0,1,alt3,6,NaN,NaN,NaN,NaN
7,142,17,2?14,3,4,5,alt2,6,NaN,NaN,NaN,NaN
7,143,14,2?02,0,1,2,alt1,6,NaN,NaN,NaN,NaN
7,143,15,2?45,9,0,1,alt3,6,NaN,NaN,NaN,NaN
7,143,17,2?31,3,4,5,alt2,6,NaN,NaN,NaN,NaN
7,144,13,1?72,8,9,0,alt1,6,NaN,NaN,NaN,NaN
7,144,18,2?92,3,4,5,alt3,6,NaN,NaN,NaN,NaN
7,146,12,1?52,6,7,8,alt2,6,NaN,NaN,NaN,NaN
7,146,19,2?74,7,8,9,alt1,6,NaN,NaN,NaN,NaN
7,147,14,2?58,8,9,0,alt3,6,NaN,NaN,NaN,NaN
7,149,18,2?82,5,6,7,alt2,6,NaN,NaN,NaN,NaN
7,151,12,1?12,8,9,0,alt1,6,NaN,NaN,NaN,NaN
7,154,18,2?72,5,6,7,alt3,6,NaN,NaN,NaN,NaN
7,154,19,2?26,8,9,0,alt2,6,NaN,NaN,NaN,NaN
7,155,18,2?90,7,8,9,alt1,6,NaN,NaN,NaN,NaN
7,156,16,2?96,2,3,4,alt3,6,NaN,NaN,NaN,NaN
7,157,19,2?83,8,9,0,alt2,6,NaN,NaN,NaN,NaN
7,159,13,2?67,0,1,2,alt1,6,NaN,NaN,NaN,NaN
7,161,16,2?76,3,4,5,alt3,6,NaN,NaN,NaN,NaN
7,161,18,2?98,7,8,9,alt2,6,NaN,NaN,NaN,NaN
7,162,14,2?68,2,3,4,alt1,6,NaN,NaN,NaN,NaN
7,163,17,2?71,5,6,7,alt3,6,NaN,NaN,NaN,NaN
7,166,17,2?22,7,8,9,alt2,6,NaN,NaN,NaN,NaN
7,167,15,2?05,5,6,7,alt1,6,NaN,NaN,NaN,NaN
7,169,15,2?35,3,4,5,alt3,6,NaN,NaN,NaN,NaN
7,171,13,2?23,1,2,3,alt2,6,NaN,NaN,NaN,NaN
7,171,16,2?36,7,8,9,alt1,6,NaN,NaN,NaN,NaN
7,171,18,3?78,8,9,0,alt3,6,NaN,NaN,NaN,NaN
7,172,14,2?08,3,4,5,alt2,6,NaN,NaN,NaN,NaN
7,173,12,2?76,0,1,2,alt1,6,NaN,NaN,NaN,NaN
7,173,14,2?22,2,3,4,alt3,6,NaN,NaN,NaN,NaN
7,175,12,2?00,0,1,2,alt2,6,NaN,NaN,NaN,NaN
7,176,13,2?88,2,3,4,alt1,6,NaN,NaN,NaN,NaN
7,176,16,2?16,6,7,8,alt3,6,NaN,NaN,NaN,NaN
7,177,16,2?32,7,8,9,alt2,6,NaN,NaN,NaN,NaN
7,178,13,2?14,3,4,5,alt1,6,NaN,NaN,NaN,NaN
7,178,18,3?04,0,1,2,alt3,6,NaN,NaN,NaN,NaN
7,179,16,2?64,7,8,9,alt2,6,NaN,NaN,NaN,NaN
7,179,18,3?22,2,3,4,alt1,6,NaN,NaN,NaN,NaN
7,181,19,3?39,2,3,4,alt3,6,NaN,NaN,NaN,NaN
7,182,12,2?84,0,1,2,alt2,6,NaN,NaN,NaN,NaN
7,184,18,3?12,3,4,5,alt1,6,NaN,NaN,NaN,NaN
7,185,17,3?45,9,0,1,alt3,6,NaN,NaN,NaN,NaN
7,186,12,2?32,1,2,3,alt2,6,NaN,NaN,NaN,NaN
7,186,15,2?90,7,8,9,alt1,6,NaN,NaN,NaN,NaN
7,188,13,2?44,2,3,4,alt3,6,NaN,NaN,NaN,NaN
7,188,14,2?32,5,6,7,alt2,6,NaN,NaN,NaN,NaN
7,188,15,2?20,8,9,0,alt1,6,NaN,NaN,NaN,NaN
7,188,18,3?84,1,2,3,alt3,6,NaN,NaN,NaN,NaN
7,189,16,3?24,9,0,1,alt2,6,NaN,NaN,NaN,NaN
7,191,16,3?56,0,1,2,alt1,6,NaN,NaN,NaN,NaN
7,192,12,2?04,1,2,3,alt3,6,NaN,NaN,NaN,NaN
7,193,13,2?09,4,5,6,alt2,6,NaN,NaN,NaN,NaN
7,193,16,3?88,0,1,2,alt1,6,NaN,NaN,NaN,NaN
7,193,17,3?81,0,1,2,alt3,6,NaN,NaN,NaN,NaN
7,194,14,2?16,6,7,8,alt2,6,NaN,NaN,NaN,NaN
7,194,19,3?86,6,7,8,alt1,6,NaN,NaN,NaN,NaN
7,195,14,2?30,5,6,7,alt3,6,NaN,NaN,NaN,NaN
7,196,13,2?48,4,5,6,alt2,6,NaN,NaN,NaN,NaN
7,196,15,2?40,9,0,1,alt1,6,NaN,NaN,NaN,NaN
7,197,12,2?64,1,2,3,alt3,6,NaN,NaN,NaN,NaN
7,197,14,2?58,6,7,8,alt2,6,NaN,NaN,NaN,NaN
7,197,15,2?55,9,0,1,alt1,6,NaN,NaN,NaN,NaN
7,197,17,3?49,1,2,3,alt3,6,NaN,NaN,NaN,NaN
7,197,19,3?43,6,7,8,alt2,6,NaN,NaN,NaN,NaN
7,198,13,2?74,5,6,7,alt1,6,NaN,NaN,NaN,NaN
7,198,17,3?66,1,2,3,alt3,6,NaN,NaN,NaN,NaN
7,212,18,3?16,7,8,9,alt2,6,NaN,NaN,NaN,NaN
7,215,16,3?40,4,5,6,alt1,6,NaN,NaN,NaN,NaN
7,215,19,4?85,8,9,0,alt3,6,NaN,NaN,NaN,NaN
7,216,14,3?24,9,0,1,alt2,6,NaN,NaN,NaN,NaN
7,216,16,3?56,4,5,6,alt1,6,NaN,NaN,NaN,NaN
7,216,17,3?72,4,5,6,alt3,6,NaN,NaN,NaN,NaN
7,216,19,4?04,0,1,2,alt2,6,NaN,NaN,NaN,NaN
7,217,12,2?04,6,7,8,alt1,6,NaN,NaN,NaN,NaN
7,217,14,3?38,8,9,0,alt3,6,NaN,NaN,NaN,NaN
7,217,16,3?72,3,4,5,alt2,6,NaN,NaN,NaN,NaN
7,217,17,3?89,6,7,8,alt1,6,NaN,NaN,NaN,NaN
7,218,12,2?16,4,5,6,alt3,6,NaN,NaN,NaN,NaN
7,218,17,3?06,6,7,8,alt2,6,NaN,NaN,NaN,NaN
7,219,12,2?28,6,7,8,alt1,6,NaN,NaN,NaN,NaN
7,219,18,3?42,7,8,9,alt3,6,NaN,NaN,NaN,NaN
7,222,14,3?08,0,1,2,alt2,6,NaN,NaN,NaN,NaN
7,226,13,2?38,9,0,1,alt1,6,NaN,NaN,NaN,NaN
7,226,18,4?68,8,9,0,alt3,6,NaN,NaN,NaN,NaN
7,228,13,2?64,8,9,0,alt2,6,NaN,NaN,NaN,NaN
7,228,16,3?48,6,7,8,alt1,6,NaN,NaN,NaN,NaN
7,228,17,3?76,6,7,8,alt3,6,NaN,NaN,NaN,NaN
7,228,19,4?32,2,3,4,alt2,6,NaN,NaN,NaN,NaN
7,229,14,3?06,2,3,4,alt1,6,NaN,NaN,NaN,NaN
7,229,17,3?93,6,7,8,alt3,6,NaN,NaN,NaN,NaN
7,229,18,4?22,0,1,2,alt2,6,NaN,NaN,NaN,NaN
7,231,19,4?89,3,4,5,alt1,6,NaN,NaN,NaN,NaN
7,233,13,3?29,8,9,0,alt3,6,NaN,NaN,NaN,NaN
7,234,12,2?08,7,8,9,alt2,6,NaN,NaN,NaN,NaN
7,235,14,3?90,2,3,4,alt1,6,NaN,NaN,NaN,NaN
7,235,15,3?25,3,4,5,alt3,6,NaN,NaN,NaN,NaN
7,236,13,3?68,9,0,1,alt2,6,NaN,NaN,NaN,NaN
7,236,16,3?76,7,8,9,alt1,6,NaN,NaN,NaN,NaN
7,237,16,3?92,5,6,7,alt3,6,NaN,NaN,NaN,NaN
7,238,12,2?56,7,8,9,alt2,6,NaN,NaN,NaN,NaN
7,238,13,3?94,0,1,2,alt1,6,NaN,NaN,NaN,NaN
7,238,14,3?32,1,2,3,alt3,6,NaN,NaN,NaN,NaN
7,239,12,2?68,7,8,9,alt2,6,NaN,NaN,NaN,NaN
7,239,13,3?07,1,2,3,alt1,6,NaN,NaN,NaN,NaN
7,239,17,4?63,8,9,0,alt3,6,NaN,NaN,NaN,NaN
7,241,15,3?15,5,6,7,alt2,6,NaN,NaN,NaN,NaN
7,241,19,4?79,5,6,7,alt1,6,NaN,NaN,NaN,NaN
7,242,12,2?04,7,8,9,alt3,6,NaN,NaN,NaN,NaN
7,243,18,4?74,2,3,4,alt2,6,NaN,NaN,NaN,NaN
7,244,14,3?16,4,5,6,alt1,6,NaN,NaN,NaN,NaN
7,245,15,3?75,4,5,6,alt3,6,NaN,NaN,NaN,NaN
7,245,16,3?20,8,9,0,alt2,6,NaN,NaN,NaN,NaN
7,245,17,4?65,1,2,3,alt1,6,NaN,NaN,NaN,NaN
7,245,19,4?55,4,5,6,alt3,6,NaN,NaN,NaN,NaN
7,246,13,3?98,0,1,2,alt2,6,NaN,NaN,NaN,NaN
7,247,17,4?99,1,2,3,alt1,6,NaN,NaN,NaN,NaN
7,249,13,3?37,0,1,2,alt3,6,NaN,NaN,NaN,NaN
7,249,16,3?84,8,9,0,alt2,6,NaN,NaN,NaN,NaN
7,249,17,4?33,2,3,4,alt1,6,NaN,NaN,NaN,NaN
7,251,18,4?18,3,4,5,alt3,6,NaN,NaN,NaN,NaN
7,252,19,4?88,6,7,8,alt2,6,NaN,NaN,NaN,NaN
7,253,13,3?89,2,3,4,alt1,6,NaN,NaN,NaN,NaN
7,256,13,3?28,1,2,3,alt3,6,NaN,NaN,NaN,NaN
7,256,14,3?84,4,5,6,alt2,6,NaN,NaN,NaN,NaN
7,256,16,4?96,0,1,2,alt1,6,NaN,NaN,NaN,NaN
7,256,19,4?64,6,7,8,alt3,6,NaN,NaN,NaN,NaN
7,257,15,3?55,7,8,9,alt2,6,NaN,NaN,NaN,NaN
7,258,12,3?96,0,1,2,alt1,6,NaN,NaN,NaN,NaN
7,258,14,3?12,4,5,6,alt3,6,NaN,NaN,NaN,NaN
7,258,18,4?44,5,6,7,alt2,6,NaN,NaN,NaN,NaN
7,259,12,3?08,1,2,3,alt1,6,NaN,NaN,NaN,NaN
7,259,17,4?03,2,3,4,alt3,6,NaN,NaN,NaN,NaN
7,259,19,4?21,8,9,0,alt2,6,NaN,NaN,NaN,NaN
7,261,13,3?93,3,4,5,alt1,6,NaN,NaN,NaN,NaN
7,263,14,3?82,4,5,6,alt3,6,NaN,NaN,NaN,NaN
7,265,18,4?70,6,7,8,alt2,6,NaN,NaN,NaN,NaN
7,266,15,3?90,9,0,1,alt1,6,NaN,NaN,NaN,NaN
7,268,14,3?52,5,6,7,alt3,6,NaN,NaN,NaN,NaN
7,268,16,4?88,1,2,3,alt2,6,NaN,NaN,NaN,NaN
7,268,17,4?56,5,6,7,alt1,6,NaN,NaN,NaN,NaN
7,269,18,4?42,6,7,8,alt3,6,NaN,NaN,NaN,NaN
7,271,12,3?52,1,2,3,alt2,6,NaN,NaN,NaN,NaN
7,271,14,3?94,7,8,9,alt1,6,NaN,NaN,NaN,NaN
7,272,12,3?64,0,1,2,alt3,6,NaN,NaN,NaN,NaN
7,272,15,4?80,9,0,1,alt2,6,NaN,NaN,NaN,NaN
7,272,17,4?24,6,7,8,alt1,6,NaN,NaN,NaN,NaN
7,272,19,5?68,9,0,1,alt3,6,NaN,NaN,NaN,NaN
7,273,17,4?41,5,6,7,alt2,6,NaN,NaN,NaN,NaN
7,274,12,3?88,2,3,4,alt1,6,NaN,NaN,NaN,NaN
7,274,16,4?84,1,2,3,alt3,6,NaN,NaN,NaN,NaN
7,275,12,3?00,2,3,4,alt2,6,NaN,NaN,NaN,NaN
7,275,15,4?25,1,2,3,alt1,6,NaN,NaN,NaN,NaN
7,275,16,4?00,2,3,4,alt3,6,NaN,NaN,NaN,NaN
7,276,13,3?88,4,5,6,alt2,6,NaN,NaN,NaN,NaN
7,276,15,4?40,1,2,3,alt1,6,NaN,NaN,NaN,NaN
7,276,18,4?68,7,8,9,alt3,6,NaN,NaN,NaN,NaN
7,277,16,4?32,3,4,5,alt2,6,NaN,NaN,NaN,NaN
7,278,14,3?92,8,9,0,alt1,6,NaN,NaN,NaN,NaN
7,278,17,4?26,5,6,7,alt3,6,NaN,NaN,NaN,NaN
7,279,14,3?06,8,9,0,alt2,6,NaN,NaN,NaN,NaN
7,281,12,3?72,3,4,5,alt1,6,NaN,NaN,NaN,NaN
7,281,14,3?34,7,8,9,alt3,6,NaN,NaN,NaN,NaN
7,282,14,3?48,8,9,0,alt2,6,NaN,NaN,NaN,NaN
7,283,15,4?45,2,3,4,alt1,6,NaN,NaN,NaN,NaN
7,284,16,4?44,3,4,5,alt3,6,NaN,NaN,NaN,NaN
7,285,12,3?20,3,4,5,alt2,6,NaN,NaN,NaN,NaN
7,286,14,4?04,0,1,2,alt1,6,NaN,NaN,NaN,NaN
7,287,18,5?66,9,0,1,alt3,6,NaN,NaN,NaN,NaN
7,288,14,4?32,9,0,1,alt2,6,NaN,NaN,NaN,NaN
7,288,15,4?20,3,4,5,alt1,6,NaN,NaN,NaN,NaN
7,288,17,4?96,6,7,8,alt3,6,NaN,NaN,NaN,NaN
7,288,18,5?84,0,1,2,alt2,6,NaN,NaN,NaN,NaN
7,289,13,3?57,7,8,9,alt1,6,NaN,NaN,NaN,NaN
7,289,19,5?91,2,3,4,alt3,6,NaN,NaN,NaN,NaN
7,291,19,5?29,4,5,6,alt2,6,NaN,NaN,NaN,NaN
7,292,16,4?72,6,7,8,alt1,6,NaN,NaN,NaN,NaN
7,293,12,3?16,3,4,5,alt3,6,NaN,NaN,NaN,NaN
7,295,19,5?05,5,6,7,alt2,6,NaN,NaN,NaN,NaN
7,297,12,3?64,5,6,7,alt1,6,NaN,NaN,NaN,NaN
7,298,15,4?70,2,3,4,alt3,6,NaN,NaN,NaN,NaN
